{"id":"1c71c2b5-0cd6-47f1-b8df-98521e07dc31","projectId":"0f8b3b25-43bb-4a86-b07f-4db50814a839","descriptionId":"siriusComponents://representationDescription?kind=diagramDescription&sourceKind=view&sourceId=8dcd14b0-6259-3193-ad2c-743f394c68e4&sourceElementId=db495705-e917-319b-af55-a32ad63f4089","targetObjectId":"b3ad8bf4-938f-402a-a71e-97b605153483","label":"Verify View","kind":"siriusComponents://representation?type=Diagram","representation":{"id":"1c71c2b5-0cd6-47f1-b8df-98521e07dc31","kind":"siriusComponents://representation?type=Diagram","targetObjectId":"b3ad8bf4-938f-402a-a71e-97b605153483","descriptionId":"siriusComponents://representationDescription?kind=diagramDescription&sourceKind=view&sourceId=8dcd14b0-6259-3193-ad2c-743f394c68e4&sourceElementId=db495705-e917-319b-af55-a32ad63f4089","nodes":[{"id":"7e5ef83c-c8cc-3f48-8f73-56832d566d02","type":"node:rectangle","targetObjectId":"cea395b2-f8f5-4340-9f87-145cc56ea1dc","targetObjectKind":"siriusComponents://semantic?domain=sysml&entity=RequirementUsage","targetObjectLabel":"precesion_spray_area","descriptionId":"siriusComponents://nodeDescription?sourceKind=view&sourceId=8dcd14b0-6259-3193-ad2c-743f394c68e4&sourceElementId=ac6d2b47-110c-3c85-ac67-f78f5c481433","borderNode":false,"modifiers":[],"state":"Normal","collapsingState":"EXPANDED","insideLabel":{"id":"bb7007bb-5e15-35ef-bd90-842b3701bede","text":"«requirement»\n<REQ 01> precesion_spray_area : coverage_accuracy_requriement","insideLabelLocation":"TOP_CENTER","style":{"color":"#000000","fontSize":14,"bold":false,"italic":false,"underline":false,"strikeThrough":false,"iconURL":["/icons/full/obj16/RequirementUsage.svg"],"background":"transparent","borderColor":"black","borderSize":0,"borderRadius":3,"borderStyle":"Solid","maxWidth":null},"isHeader":true,"headerSeparatorDisplayMode":"IF_CHILDREN","overflowStrategy":"NONE","textAlign":"CENTER"},"outsideLabels":[],"style":{"background":"#ffffff","borderColor":"#000000","borderSize":1,"borderRadius":10,"borderStyle":"Solid"},"childrenLayoutStrategy":{"areChildNodesDraggable":false,"topGap":0,"bottomGap":0,"growableNodeIds":[],"kind":"List"},"borderNodes":[],"childNodes":[{"id":"9e614a38-bf37-3c78-8c95-ad6e55a48e3b","type":"node:rectangle","targetObjectId":"cea395b2-f8f5-4340-9f87-145cc56ea1dc","targetObjectKind":"siriusComponents://semantic?domain=sysml&entity=RequirementUsage","targetObjectLabel":"precesion_spray_area","descriptionId":"siriusComponents://nodeDescription?sourceKind=view&sourceId=8dcd14b0-6259-3193-ad2c-743f394c68e4&sourceElementId=2dcb3118-bc32-367c-9dcc-db7ac6d23021","borderNode":false,"modifiers":["Hidden"],"state":"Hidden","collapsingState":"EXPANDED","insideLabel":{"id":"24b851c9-6539-3f79-9a7f-1c2cbeaaffdc","text":"doc","insideLabelLocation":"TOP_CENTER","style":{"color":"#000000","fontSize":12,"bold":false,"italic":true,"underline":false,"strikeThrough":false,"iconURL":[],"background":"transparent","borderColor":"black","borderSize":0,"borderRadius":3,"borderStyle":"Solid","maxWidth":null},"isHeader":true,"headerSeparatorDisplayMode":"NEVER","overflowStrategy":"NONE","textAlign":"CENTER"},"outsideLabels":[],"style":{"background":"transparent","borderColor":"#000000","borderSize":1,"borderRadius":0,"borderStyle":"Solid"},"childrenLayoutStrategy":{"areChildNodesDraggable":true,"topGap":0,"bottomGap":10,"growableNodeIds":[],"kind":"List"},"borderNodes":[],"childNodes":[],"defaultWidth":125,"defaultHeight":60,"labelEditable":false,"pinned":false},{"id":"d2e58be3-b815-3963-8ac8-6ab1fd9156c6","type":"node:rectangle","targetObjectId":"cea395b2-f8f5-4340-9f87-145cc56ea1dc","targetObjectKind":"siriusComponents://semantic?domain=sysml&entity=RequirementUsage","targetObjectLabel":"precesion_spray_area","descriptionId":"siriusComponents://nodeDescription?sourceKind=view&sourceId=8dcd14b0-6259-3193-ad2c-743f394c68e4&sourceElementId=8a2d27b2-f4d9-3d4e-a16d-2604b01d8f47","borderNode":false,"modifiers":["Hidden"],"state":"Hidden","collapsingState":"EXPANDED","insideLabel":{"id":"30bce5c7-c850-3099-a6ce-518791a0e3be","text":"attributes","insideLabelLocation":"TOP_CENTER","style":{"color":"#000000","fontSize":12,"bold":false,"italic":true,"underline":false,"strikeThrough":false,"iconURL":[],"background":"transparent","borderColor":"black","borderSize":0,"borderRadius":3,"borderStyle":"Solid","maxWidth":null},"isHeader":true,"headerSeparatorDisplayMode":"NEVER","overflowStrategy":"NONE","textAlign":"CENTER"},"outsideLabels":[],"style":{"background":"transparent","borderColor":"#000000","borderSize":1,"borderRadius":0,"borderStyle":"Solid"},"childrenLayoutStrategy":{"areChildNodesDraggable":true,"topGap":0,"bottomGap":10,"growableNodeIds":[],"kind":"List"},"borderNodes":[],"childNodes":[],"defaultWidth":125,"defaultHeight":60,"labelEditable":false,"pinned":false},{"id":"3ef3a083-1c66-3af6-843f-465af736b5f9","type":"node:rectangle","targetObjectId":"cea395b2-f8f5-4340-9f87-145cc56ea1dc","targetObjectKind":"siriusComponents://semantic?domain=sysml&entity=RequirementUsage","targetObjectLabel":"precesion_spray_area","descriptionId":"siriusComponents://nodeDescription?sourceKind=view&sourceId=8dcd14b0-6259-3193-ad2c-743f394c68e4&sourceElementId=e4ec1b26-6866-31f7-9b0e-a54bc02bbd2d","borderNode":false,"modifiers":["Hidden"],"state":"Hidden","collapsingState":"EXPANDED","insideLabel":{"id":"961109d4-51f1-3598-8566-176c9f5274d3","text":"assume constraints","insideLabelLocation":"TOP_CENTER","style":{"color":"#000000","fontSize":12,"bold":false,"italic":true,"underline":false,"strikeThrough":false,"iconURL":[],"background":"transparent","borderColor":"black","borderSize":0,"borderRadius":3,"borderStyle":"Solid","maxWidth":null},"isHeader":true,"headerSeparatorDisplayMode":"NEVER","overflowStrategy":"NONE","textAlign":"CENTER"},"outsideLabels":[],"style":{"background":"transparent","borderColor":"#000000","borderSize":1,"borderRadius":0,"borderStyle":"Solid"},"childrenLayoutStrategy":{"areChildNodesDraggable":true,"topGap":0,"bottomGap":10,"growableNodeIds":[],"kind":"List"},"borderNodes":[],"childNodes":[],"defaultWidth":125,"defaultHeight":60,"labelEditable":false,"pinned":false},{"id":"58cb21ff-8446-38de-b02d-fdce68276eb3","type":"node:rectangle","targetObjectId":"cea395b2-f8f5-4340-9f87-145cc56ea1dc","targetObjectKind":"siriusComponents://semantic?domain=sysml&entity=RequirementUsage","targetObjectLabel":"precesion_spray_area","descriptionId":"siriusComponents://nodeDescription?sourceKind=view&sourceId=8dcd14b0-6259-3193-ad2c-743f394c68e4&sourceElementId=c35b155a-ef54-3fd5-8925-9f1da66fb66b","borderNode":false,"modifiers":["Hidden"],"state":"Hidden","collapsingState":"EXPANDED","insideLabel":{"id":"d074da11-60e7-3ec3-86e5-88a7fdad1aeb","text":"require constraints","insideLabelLocation":"TOP_CENTER","style":{"color":"#000000","fontSize":12,"bold":false,"italic":true,"underline":false,"strikeThrough":false,"iconURL":[],"background":"transparent","borderColor":"black","borderSize":0,"borderRadius":3,"borderStyle":"Solid","maxWidth":null},"isHeader":true,"headerSeparatorDisplayMode":"NEVER","overflowStrategy":"NONE","textAlign":"CENTER"},"outsideLabels":[],"style":{"background":"transparent","borderColor":"#000000","borderSize":1,"borderRadius":0,"borderStyle":"Solid"},"childrenLayoutStrategy":{"areChildNodesDraggable":true,"topGap":0,"bottomGap":10,"growableNodeIds":[],"kind":"List"},"borderNodes":[],"childNodes":[],"defaultWidth":125,"defaultHeight":60,"labelEditable":false,"pinned":false},{"id":"ff1d26b5-ebce-3bc5-b5b3-8978d43ee014","type":"node:rectangle","targetObjectId":"cea395b2-f8f5-4340-9f87-145cc56ea1dc","targetObjectKind":"siriusComponents://semantic?domain=sysml&entity=RequirementUsage","targetObjectLabel":"precesion_spray_area","descriptionId":"siriusComponents://nodeDescription?sourceKind=view&sourceId=8dcd14b0-6259-3193-ad2c-743f394c68e4&sourceElementId=4d4fa034-2b92-36f6-9b8d-872703419b56","borderNode":false,"modifiers":["Hidden"],"state":"Hidden","collapsingState":"EXPANDED","insideLabel":{"id":"26c1c7f1-26fa-3250-952a-a3d4c984a035","text":"subject","insideLabelLocation":"TOP_CENTER","style":{"color":"#000000","fontSize":12,"bold":false,"italic":true,"underline":false,"strikeThrough":false,"iconURL":[],"background":"transparent","borderColor":"black","borderSize":0,"borderRadius":3,"borderStyle":"Solid","maxWidth":null},"isHeader":true,"headerSeparatorDisplayMode":"NEVER","overflowStrategy":"NONE","textAlign":"CENTER"},"outsideLabels":[],"style":{"background":"transparent","borderColor":"#000000","borderSize":1,"borderRadius":0,"borderStyle":"Solid"},"childrenLayoutStrategy":{"areChildNodesDraggable":true,"topGap":0,"bottomGap":10,"growableNodeIds":[],"kind":"List"},"borderNodes":[],"childNodes":[],"defaultWidth":125,"defaultHeight":60,"labelEditable":false,"pinned":false},{"id":"9c735f13-eb07-3fc5-a498-9c180b7a209d","type":"node:rectangle","targetObjectId":"cea395b2-f8f5-4340-9f87-145cc56ea1dc","targetObjectKind":"siriusComponents://semantic?domain=sysml&entity=RequirementUsage","targetObjectLabel":"precesion_spray_area","descriptionId":"siriusComponents://nodeDescription?sourceKind=view&sourceId=8dcd14b0-6259-3193-ad2c-743f394c68e4&sourceElementId=d44c436c-8886-37fb-86db-a35a90c2124f","borderNode":false,"modifiers":["Hidden"],"state":"Hidden","collapsingState":"EXPANDED","insideLabel":{"id":"eb4cebfc-9249-3be9-9605-26f65ed6843d","text":"actors","insideLabelLocation":"TOP_CENTER","style":{"color":"#000000","fontSize":12,"bold":false,"italic":true,"underline":false,"strikeThrough":false,"iconURL":[],"background":"transparent","borderColor":"black","borderSize":0,"borderRadius":3,"borderStyle":"Solid","maxWidth":null},"isHeader":true,"headerSeparatorDisplayMode":"NEVER","overflowStrategy":"NONE","textAlign":"CENTER"},"outsideLabels":[],"style":{"background":"transparent","borderColor":"#000000","borderSize":1,"borderRadius":0,"borderStyle":"Solid"},"childrenLayoutStrategy":{"areChildNodesDraggable":true,"topGap":0,"bottomGap":10,"growableNodeIds":[],"kind":"List"},"borderNodes":[],"childNodes":[],"defaultWidth":125,"defaultHeight":60,"labelEditable":false,"pinned":false},{"id":"a5a02e2b-9031-3922-bd5d-6d91b49b3095","type":"node:rectangle","targetObjectId":"cea395b2-f8f5-4340-9f87-145cc56ea1dc","targetObjectKind":"siriusComponents://semantic?domain=sysml&entity=RequirementUsage","targetObjectLabel":"precesion_spray_area","descriptionId":"siriusComponents://nodeDescription?sourceKind=view&sourceId=8dcd14b0-6259-3193-ad2c-743f394c68e4&sourceElementId=d84402c7-c521-317a-b4a6-01844a34de97","borderNode":false,"modifiers":["Hidden"],"state":"Hidden","collapsingState":"EXPANDED","insideLabel":{"id":"3a01d303-731b-3124-951b-41530e928c90","text":"stakeholders","insideLabelLocation":"TOP_CENTER","style":{"color":"#000000","fontSize":12,"bold":false,"italic":true,"underline":false,"strikeThrough":false,"iconURL":[],"background":"transparent","borderColor":"black","borderSize":0,"borderRadius":3,"borderStyle":"Solid","maxWidth":null},"isHeader":true,"headerSeparatorDisplayMode":"NEVER","overflowStrategy":"NONE","textAlign":"CENTER"},"outsideLabels":[],"style":{"background":"transparent","borderColor":"#000000","borderSize":1,"borderRadius":0,"borderStyle":"Solid"},"childrenLayoutStrategy":{"areChildNodesDraggable":true,"topGap":0,"bottomGap":10,"growableNodeIds":[],"kind":"List"},"borderNodes":[],"childNodes":[],"defaultWidth":125,"defaultHeight":60,"labelEditable":false,"pinned":false}],"defaultWidth":125,"defaultHeight":60,"labelEditable":true,"pinned":false},{"id":"cfda7938-5202-3e5f-884a-0f209ba4793e","type":"node:rectangle","targetObjectId":"47c4a28a-83f5-4022-8fe3-852bf77b1b67","targetObjectKind":"siriusComponents://semantic?domain=sysml&entity=RequirementUsage","targetObjectLabel":"chemical_dosage","descriptionId":"siriusComponents://nodeDescription?sourceKind=view&sourceId=8dcd14b0-6259-3193-ad2c-743f394c68e4&sourceElementId=ac6d2b47-110c-3c85-ac67-f78f5c481433","borderNode":false,"modifiers":[],"state":"Normal","collapsingState":"EXPANDED","insideLabel":{"id":"533f617e-cc04-30b0-a05e-26211c16ef60","text":"«requirement»\n<REQ 02> chemical_dosage : chemical_spray_requriement","insideLabelLocation":"TOP_CENTER","style":{"color":"#000000","fontSize":14,"bold":false,"italic":false,"underline":false,"strikeThrough":false,"iconURL":["/icons/full/obj16/RequirementUsage.svg"],"background":"transparent","borderColor":"black","borderSize":0,"borderRadius":3,"borderStyle":"Solid","maxWidth":null},"isHeader":true,"headerSeparatorDisplayMode":"IF_CHILDREN","overflowStrategy":"NONE","textAlign":"CENTER"},"outsideLabels":[],"style":{"background":"#ffffff","borderColor":"#000000","borderSize":1,"borderRadius":10,"borderStyle":"Solid"},"childrenLayoutStrategy":{"areChildNodesDraggable":false,"topGap":0,"bottomGap":0,"growableNodeIds":[],"kind":"List"},"borderNodes":[],"childNodes":[{"id":"061477b9-b0ea-398f-80ff-abf800abcad0","type":"node:rectangle","targetObjectId":"47c4a28a-83f5-4022-8fe3-852bf77b1b67","targetObjectKind":"siriusComponents://semantic?domain=sysml&entity=RequirementUsage","targetObjectLabel":"chemical_dosage","descriptionId":"siriusComponents://nodeDescription?sourceKind=view&sourceId=8dcd14b0-6259-3193-ad2c-743f394c68e4&sourceElementId=2dcb3118-bc32-367c-9dcc-db7ac6d23021","borderNode":false,"modifiers":["Hidden"],"state":"Hidden","collapsingState":"EXPANDED","insideLabel":{"id":"41b519d1-ef71-36b8-bed5-e363260f5cab","text":"doc","insideLabelLocation":"TOP_CENTER","style":{"color":"#000000","fontSize":12,"bold":false,"italic":true,"underline":false,"strikeThrough":false,"iconURL":[],"background":"transparent","borderColor":"black","borderSize":0,"borderRadius":3,"borderStyle":"Solid","maxWidth":null},"isHeader":true,"headerSeparatorDisplayMode":"NEVER","overflowStrategy":"NONE","textAlign":"CENTER"},"outsideLabels":[],"style":{"background":"transparent","borderColor":"#000000","borderSize":1,"borderRadius":0,"borderStyle":"Solid"},"childrenLayoutStrategy":{"areChildNodesDraggable":true,"topGap":0,"bottomGap":10,"growableNodeIds":[],"kind":"List"},"borderNodes":[],"childNodes":[],"defaultWidth":125,"defaultHeight":60,"labelEditable":false,"pinned":false},{"id":"6e84f7aa-a01a-3b63-8488-4bb55e9f9678","type":"node:rectangle","targetObjectId":"47c4a28a-83f5-4022-8fe3-852bf77b1b67","targetObjectKind":"siriusComponents://semantic?domain=sysml&entity=RequirementUsage","targetObjectLabel":"chemical_dosage","descriptionId":"siriusComponents://nodeDescription?sourceKind=view&sourceId=8dcd14b0-6259-3193-ad2c-743f394c68e4&sourceElementId=8a2d27b2-f4d9-3d4e-a16d-2604b01d8f47","borderNode":false,"modifiers":["Hidden"],"state":"Hidden","collapsingState":"EXPANDED","insideLabel":{"id":"499acf1b-aba3-38af-b72f-e4e36e9ca8ae","text":"attributes","insideLabelLocation":"TOP_CENTER","style":{"color":"#000000","fontSize":12,"bold":false,"italic":true,"underline":false,"strikeThrough":false,"iconURL":[],"background":"transparent","borderColor":"black","borderSize":0,"borderRadius":3,"borderStyle":"Solid","maxWidth":null},"isHeader":true,"headerSeparatorDisplayMode":"NEVER","overflowStrategy":"NONE","textAlign":"CENTER"},"outsideLabels":[],"style":{"background":"transparent","borderColor":"#000000","borderSize":1,"borderRadius":0,"borderStyle":"Solid"},"childrenLayoutStrategy":{"areChildNodesDraggable":true,"topGap":0,"bottomGap":10,"growableNodeIds":[],"kind":"List"},"borderNodes":[],"childNodes":[],"defaultWidth":125,"defaultHeight":60,"labelEditable":false,"pinned":false},{"id":"eca98bd1-cb1c-32d6-ad60-7c32d3898b59","type":"node:rectangle","targetObjectId":"47c4a28a-83f5-4022-8fe3-852bf77b1b67","targetObjectKind":"siriusComponents://semantic?domain=sysml&entity=RequirementUsage","targetObjectLabel":"chemical_dosage","descriptionId":"siriusComponents://nodeDescription?sourceKind=view&sourceId=8dcd14b0-6259-3193-ad2c-743f394c68e4&sourceElementId=e4ec1b26-6866-31f7-9b0e-a54bc02bbd2d","borderNode":false,"modifiers":["Hidden"],"state":"Hidden","collapsingState":"EXPANDED","insideLabel":{"id":"2ade199f-9b3c-3493-8ff8-41ea481da415","text":"assume constraints","insideLabelLocation":"TOP_CENTER","style":{"color":"#000000","fontSize":12,"bold":false,"italic":true,"underline":false,"strikeThrough":false,"iconURL":[],"background":"transparent","borderColor":"black","borderSize":0,"borderRadius":3,"borderStyle":"Solid","maxWidth":null},"isHeader":true,"headerSeparatorDisplayMode":"NEVER","overflowStrategy":"NONE","textAlign":"CENTER"},"outsideLabels":[],"style":{"background":"transparent","borderColor":"#000000","borderSize":1,"borderRadius":0,"borderStyle":"Solid"},"childrenLayoutStrategy":{"areChildNodesDraggable":true,"topGap":0,"bottomGap":10,"growableNodeIds":[],"kind":"List"},"borderNodes":[],"childNodes":[],"defaultWidth":125,"defaultHeight":60,"labelEditable":false,"pinned":false},{"id":"969fa8bb-bc58-3cde-bf21-a02d390fb6db","type":"node:rectangle","targetObjectId":"47c4a28a-83f5-4022-8fe3-852bf77b1b67","targetObjectKind":"siriusComponents://semantic?domain=sysml&entity=RequirementUsage","targetObjectLabel":"chemical_dosage","descriptionId":"siriusComponents://nodeDescription?sourceKind=view&sourceId=8dcd14b0-6259-3193-ad2c-743f394c68e4&sourceElementId=c35b155a-ef54-3fd5-8925-9f1da66fb66b","borderNode":false,"modifiers":["Hidden"],"state":"Hidden","collapsingState":"EXPANDED","insideLabel":{"id":"706e610a-7bf6-3cee-8ea7-e465f3d086a3","text":"require constraints","insideLabelLocation":"TOP_CENTER","style":{"color":"#000000","fontSize":12,"bold":false,"italic":true,"underline":false,"strikeThrough":false,"iconURL":[],"background":"transparent","borderColor":"black","borderSize":0,"borderRadius":3,"borderStyle":"Solid","maxWidth":null},"isHeader":true,"headerSeparatorDisplayMode":"NEVER","overflowStrategy":"NONE","textAlign":"CENTER"},"outsideLabels":[],"style":{"background":"transparent","borderColor":"#000000","borderSize":1,"borderRadius":0,"borderStyle":"Solid"},"childrenLayoutStrategy":{"areChildNodesDraggable":true,"topGap":0,"bottomGap":10,"growableNodeIds":[],"kind":"List"},"borderNodes":[],"childNodes":[],"defaultWidth":125,"defaultHeight":60,"labelEditable":false,"pinned":false},{"id":"adc07842-10a5-33e7-b89e-06f707ed3492","type":"node:rectangle","targetObjectId":"47c4a28a-83f5-4022-8fe3-852bf77b1b67","targetObjectKind":"siriusComponents://semantic?domain=sysml&entity=RequirementUsage","targetObjectLabel":"chemical_dosage","descriptionId":"siriusComponents://nodeDescription?sourceKind=view&sourceId=8dcd14b0-6259-3193-ad2c-743f394c68e4&sourceElementId=4d4fa034-2b92-36f6-9b8d-872703419b56","borderNode":false,"modifiers":["Hidden"],"state":"Hidden","collapsingState":"EXPANDED","insideLabel":{"id":"2295d260-c03f-329b-b414-ab7ecbef2517","text":"subject","insideLabelLocation":"TOP_CENTER","style":{"color":"#000000","fontSize":12,"bold":false,"italic":true,"underline":false,"strikeThrough":false,"iconURL":[],"background":"transparent","borderColor":"black","borderSize":0,"borderRadius":3,"borderStyle":"Solid","maxWidth":null},"isHeader":true,"headerSeparatorDisplayMode":"NEVER","overflowStrategy":"NONE","textAlign":"CENTER"},"outsideLabels":[],"style":{"background":"transparent","borderColor":"#000000","borderSize":1,"borderRadius":0,"borderStyle":"Solid"},"childrenLayoutStrategy":{"areChildNodesDraggable":true,"topGap":0,"bottomGap":10,"growableNodeIds":[],"kind":"List"},"borderNodes":[],"childNodes":[],"defaultWidth":125,"defaultHeight":60,"labelEditable":false,"pinned":false},{"id":"e7ea0876-0834-3cc7-975d-d06d86c12c63","type":"node:rectangle","targetObjectId":"47c4a28a-83f5-4022-8fe3-852bf77b1b67","targetObjectKind":"siriusComponents://semantic?domain=sysml&entity=RequirementUsage","targetObjectLabel":"chemical_dosage","descriptionId":"siriusComponents://nodeDescription?sourceKind=view&sourceId=8dcd14b0-6259-3193-ad2c-743f394c68e4&sourceElementId=d44c436c-8886-37fb-86db-a35a90c2124f","borderNode":false,"modifiers":["Hidden"],"state":"Hidden","collapsingState":"EXPANDED","insideLabel":{"id":"f6e97aad-1b3c-3470-b23c-2ca86bc84efb","text":"actors","insideLabelLocation":"TOP_CENTER","style":{"color":"#000000","fontSize":12,"bold":false,"italic":true,"underline":false,"strikeThrough":false,"iconURL":[],"background":"transparent","borderColor":"black","borderSize":0,"borderRadius":3,"borderStyle":"Solid","maxWidth":null},"isHeader":true,"headerSeparatorDisplayMode":"NEVER","overflowStrategy":"NONE","textAlign":"CENTER"},"outsideLabels":[],"style":{"background":"transparent","borderColor":"#000000","borderSize":1,"borderRadius":0,"borderStyle":"Solid"},"childrenLayoutStrategy":{"areChildNodesDraggable":true,"topGap":0,"bottomGap":10,"growableNodeIds":[],"kind":"List"},"borderNodes":[],"childNodes":[],"defaultWidth":125,"defaultHeight":60,"labelEditable":false,"pinned":false},{"id":"823cfba0-aa06-3247-8692-d85435db89e5","type":"node:rectangle","targetObjectId":"47c4a28a-83f5-4022-8fe3-852bf77b1b67","targetObjectKind":"siriusComponents://semantic?domain=sysml&entity=RequirementUsage","targetObjectLabel":"chemical_dosage","descriptionId":"siriusComponents://nodeDescription?sourceKind=view&sourceId=8dcd14b0-6259-3193-ad2c-743f394c68e4&sourceElementId=d84402c7-c521-317a-b4a6-01844a34de97","borderNode":false,"modifiers":["Hidden"],"state":"Hidden","collapsingState":"EXPANDED","insideLabel":{"id":"a010efbd-15fe-359d-9aee-6471c46a205e","text":"stakeholders","insideLabelLocation":"TOP_CENTER","style":{"color":"#000000","fontSize":12,"bold":false,"italic":true,"underline":false,"strikeThrough":false,"iconURL":[],"background":"transparent","borderColor":"black","borderSize":0,"borderRadius":3,"borderStyle":"Solid","maxWidth":null},"isHeader":true,"headerSeparatorDisplayMode":"NEVER","overflowStrategy":"NONE","textAlign":"CENTER"},"outsideLabels":[],"style":{"background":"transparent","borderColor":"#000000","borderSize":1,"borderRadius":0,"borderStyle":"Solid"},"childrenLayoutStrategy":{"areChildNodesDraggable":true,"topGap":0,"bottomGap":10,"growableNodeIds":[],"kind":"List"},"borderNodes":[],"childNodes":[],"defaultWidth":125,"defaultHeight":60,"labelEditable":false,"pinned":false}],"defaultWidth":125,"defaultHeight":60,"labelEditable":true,"pinned":false},{"id":"9a97e68a-bfef-3fcf-b8e0-cc286ab1d9f4","type":"node:rectangle","targetObjectId":"3278cef1-d44c-4abe-be98-1abe23d4edfa","targetObjectKind":"siriusComponents://semantic?domain=sysml&entity=PartUsage","targetObjectLabel":"spray_area","descriptionId":"siriusComponents://nodeDescription?sourceKind=view&sourceId=8dcd14b0-6259-3193-ad2c-743f394c68e4&sourceElementId=bd119f62-45c5-3868-9727-9f954e05e4fa","borderNode":false,"modifiers":[],"state":"Normal","collapsingState":"EXPANDED","insideLabel":{"id":"e43726ec-4bbd-3abf-953d-7d20b7ea6327","text":"«part»\nspray_area : Spray_Area_Verification","insideLabelLocation":"TOP_CENTER","style":{"color":"#000000","fontSize":14,"bold":false,"italic":false,"underline":false,"strikeThrough":false,"iconURL":["/icons/full/obj16/PartUsage.svg"],"background":"transparent","borderColor":"black","borderSize":0,"borderRadius":3,"borderStyle":"Solid","maxWidth":null},"isHeader":true,"headerSeparatorDisplayMode":"IF_CHILDREN","overflowStrategy":"NONE","textAlign":"CENTER"},"outsideLabels":[],"style":{"background":"#ffffff","borderColor":"#000000","borderSize":1,"borderRadius":10,"borderStyle":"Solid"},"childrenLayoutStrategy":{"areChildNodesDraggable":false,"topGap":0,"bottomGap":0,"growableNodeIds":["siriusComponents://nodeDescription?sourceKind=view&sourceId=8dcd14b0-6259-3193-ad2c-743f394c68e4&sourceElementId=30a9de2f-14f9-3de6-b68e-06b79b675555","siriusComponents://nodeDescription?sourceKind=view&sourceId=8dcd14b0-6259-3193-ad2c-743f394c68e4&sourceElementId=c47f5c71-1cc7-3f23-8c03-c335c2d13c66"],"kind":"List"},"borderNodes":[],"childNodes":[{"id":"37437457-39d6-3546-8d72-727208ca71b7","type":"node:rectangle","targetObjectId":"3278cef1-d44c-4abe-be98-1abe23d4edfa","targetObjectKind":"siriusComponents://semantic?domain=sysml&entity=PartUsage","targetObjectLabel":"spray_area","descriptionId":"siriusComponents://nodeDescription?sourceKind=view&sourceId=8dcd14b0-6259-3193-ad2c-743f394c68e4&sourceElementId=c901d8ce-4c57-3ede-8fdb-3c5aa91b67ba","borderNode":false,"modifiers":["Hidden"],"state":"Hidden","collapsingState":"EXPANDED","insideLabel":{"id":"c8b11c41-de45-3937-b365-9161a8c639f3","text":"doc","insideLabelLocation":"TOP_CENTER","style":{"color":"#000000","fontSize":12,"bold":false,"italic":true,"underline":false,"strikeThrough":false,"iconURL":[],"background":"transparent","borderColor":"black","borderSize":0,"borderRadius":3,"borderStyle":"Solid","maxWidth":null},"isHeader":true,"headerSeparatorDisplayMode":"NEVER","overflowStrategy":"NONE","textAlign":"CENTER"},"outsideLabels":[],"style":{"background":"transparent","borderColor":"#000000","borderSize":1,"borderRadius":0,"borderStyle":"Solid"},"childrenLayoutStrategy":{"areChildNodesDraggable":true,"topGap":0,"bottomGap":10,"growableNodeIds":[],"kind":"List"},"borderNodes":[],"childNodes":[],"defaultWidth":125,"defaultHeight":60,"labelEditable":false,"pinned":false},{"id":"291765bc-8344-35d5-a971-ddc69fc8c8e3","type":"node:rectangle","targetObjectId":"3278cef1-d44c-4abe-be98-1abe23d4edfa","targetObjectKind":"siriusComponents://semantic?domain=sysml&entity=PartUsage","targetObjectLabel":"spray_area","descriptionId":"siriusComponents://nodeDescription?sourceKind=view&sourceId=8dcd14b0-6259-3193-ad2c-743f394c68e4&sourceElementId=a1300415-10e4-37bb-87ed-206ec95079f0","borderNode":false,"modifiers":["Hidden"],"state":"Hidden","collapsingState":"EXPANDED","insideLabel":{"id":"8b52f295-89cf-3292-85a4-6ec3d027276a","text":"attributes","insideLabelLocation":"TOP_CENTER","style":{"color":"#000000","fontSize":12,"bold":false,"italic":true,"underline":false,"strikeThrough":false,"iconURL":[],"background":"transparent","borderColor":"black","borderSize":0,"borderRadius":3,"borderStyle":"Solid","maxWidth":null},"isHeader":true,"headerSeparatorDisplayMode":"NEVER","overflowStrategy":"NONE","textAlign":"CENTER"},"outsideLabels":[],"style":{"background":"transparent","borderColor":"#000000","borderSize":1,"borderRadius":0,"borderStyle":"Solid"},"childrenLayoutStrategy":{"areChildNodesDraggable":true,"topGap":0,"bottomGap":10,"growableNodeIds":[],"kind":"List"},"borderNodes":[],"childNodes":[],"defaultWidth":125,"defaultHeight":60,"labelEditable":false,"pinned":false},{"id":"46f0b48e-062d-383e-8045-41a80d04254c","type":"node:rectangle","targetObjectId":"3278cef1-d44c-4abe-be98-1abe23d4edfa","targetObjectKind":"siriusComponents://semantic?domain=sysml&entity=PartUsage","targetObjectLabel":"spray_area","descriptionId":"siriusComponents://nodeDescription?sourceKind=view&sourceId=8dcd14b0-6259-3193-ad2c-743f394c68e4&sourceElementId=cc126737-2324-3253-ae11-37d5b0dee7b9","borderNode":false,"modifiers":["Hidden"],"state":"Hidden","collapsingState":"EXPANDED","insideLabel":{"id":"90f492cd-fbc4-34ad-80e6-67b8949fac49","text":"ports","insideLabelLocation":"TOP_CENTER","style":{"color":"#000000","fontSize":12,"bold":false,"italic":true,"underline":false,"strikeThrough":false,"iconURL":[],"background":"transparent","borderColor":"black","borderSize":0,"borderRadius":3,"borderStyle":"Solid","maxWidth":null},"isHeader":true,"headerSeparatorDisplayMode":"NEVER","overflowStrategy":"NONE","textAlign":"CENTER"},"outsideLabels":[],"style":{"background":"transparent","borderColor":"#000000","borderSize":1,"borderRadius":0,"borderStyle":"Solid"},"childrenLayoutStrategy":{"areChildNodesDraggable":true,"topGap":0,"bottomGap":10,"growableNodeIds":[],"kind":"List"},"borderNodes":[],"childNodes":[],"defaultWidth":125,"defaultHeight":60,"labelEditable":false,"pinned":false},{"id":"0078ac41-2de3-3728-a8fc-e29c24695086","type":"node:rectangle","targetObjectId":"3278cef1-d44c-4abe-be98-1abe23d4edfa","targetObjectKind":"siriusComponents://semantic?domain=sysml&entity=PartUsage","targetObjectLabel":"spray_area","descriptionId":"siriusComponents://nodeDescription?sourceKind=view&sourceId=8dcd14b0-6259-3193-ad2c-743f394c68e4&sourceElementId=f664d1f2-e48d-3f5a-a073-141fc0ddc418","borderNode":false,"modifiers":["Hidden"],"state":"Hidden","collapsingState":"EXPANDED","insideLabel":{"id":"0b561efc-4ba4-3e91-a8fd-469aea55bd44","text":"actions","insideLabelLocation":"TOP_CENTER","style":{"color":"#000000","fontSize":12,"bold":false,"italic":true,"underline":false,"strikeThrough":false,"iconURL":[],"background":"transparent","borderColor":"black","borderSize":0,"borderRadius":3,"borderStyle":"Solid","maxWidth":null},"isHeader":true,"headerSeparatorDisplayMode":"NEVER","overflowStrategy":"NONE","textAlign":"CENTER"},"outsideLabels":[],"style":{"background":"transparent","borderColor":"#000000","borderSize":1,"borderRadius":0,"borderStyle":"Solid"},"childrenLayoutStrategy":{"areChildNodesDraggable":true,"topGap":0,"bottomGap":10,"growableNodeIds":[],"kind":"List"},"borderNodes":[],"childNodes":[],"defaultWidth":125,"defaultHeight":60,"labelEditable":false,"pinned":false},{"id":"51d3d8e6-eba4-337c-9673-2a5bcbf9a3a9","type":"node:rectangle","targetObjectId":"3278cef1-d44c-4abe-be98-1abe23d4edfa","targetObjectKind":"siriusComponents://semantic?domain=sysml&entity=PartUsage","targetObjectLabel":"spray_area","descriptionId":"siriusComponents://nodeDescription?sourceKind=view&sourceId=8dcd14b0-6259-3193-ad2c-743f394c68e4&sourceElementId=7024f0ac-260c-3ac8-82b5-2b3c9fcc8ed3","borderNode":false,"modifiers":["Hidden"],"state":"Hidden","collapsingState":"EXPANDED","insideLabel":{"id":"0d3dc6a8-32f4-3943-83de-ae0e3ce62de7","text":"states","insideLabelLocation":"TOP_CENTER","style":{"color":"#000000","fontSize":12,"bold":false,"italic":true,"underline":false,"strikeThrough":false,"iconURL":[],"background":"transparent","borderColor":"black","borderSize":0,"borderRadius":3,"borderStyle":"Solid","maxWidth":null},"isHeader":true,"headerSeparatorDisplayMode":"NEVER","overflowStrategy":"NONE","textAlign":"CENTER"},"outsideLabels":[],"style":{"background":"transparent","borderColor":"#000000","borderSize":1,"borderRadius":0,"borderStyle":"Solid"},"childrenLayoutStrategy":{"areChildNodesDraggable":true,"topGap":0,"bottomGap":10,"growableNodeIds":[],"kind":"List"},"borderNodes":[],"childNodes":[],"defaultWidth":125,"defaultHeight":60,"labelEditable":false,"pinned":false},{"id":"6b45a894-f82e-3042-b3f8-a5be15fa371f","type":"node:rectangle","targetObjectId":"3278cef1-d44c-4abe-be98-1abe23d4edfa","targetObjectKind":"siriusComponents://semantic?domain=sysml&entity=PartUsage","targetObjectLabel":"spray_area","descriptionId":"siriusComponents://nodeDescription?sourceKind=view&sourceId=8dcd14b0-6259-3193-ad2c-743f394c68e4&sourceElementId=30a9de2f-14f9-3de6-b68e-06b79b675555","borderNode":false,"modifiers":["Hidden"],"state":"Hidden","collapsingState":"EXPANDED","insideLabel":{"id":"5f8a3a34-628e-3c60-b9a1-8dddfc6a719d","text":"action flow","insideLabelLocation":"TOP_CENTER","style":{"color":"#000000","fontSize":12,"bold":false,"italic":true,"underline":false,"strikeThrough":false,"iconURL":[],"background":"transparent","borderColor":"black","borderSize":0,"borderRadius":3,"borderStyle":"Solid","maxWidth":null},"isHeader":true,"headerSeparatorDisplayMode":"NEVER","overflowStrategy":"NONE","textAlign":"CENTER"},"outsideLabels":[],"style":{"background":"transparent","borderColor":"#000000","borderSize":1,"borderRadius":0,"borderStyle":"Solid"},"childrenLayoutStrategy":{"kind":"FreeForm"},"borderNodes":[],"childNodes":[],"defaultWidth":125,"defaultHeight":150,"labelEditable":false,"pinned":false},{"id":"0734ec0d-9d93-32fe-8325-1dc85f3f2c2e","type":"node:rectangle","targetObjectId":"3278cef1-d44c-4abe-be98-1abe23d4edfa","targetObjectKind":"siriusComponents://semantic?domain=sysml&entity=PartUsage","targetObjectLabel":"spray_area","descriptionId":"siriusComponents://nodeDescription?sourceKind=view&sourceId=8dcd14b0-6259-3193-ad2c-743f394c68e4&sourceElementId=c47f5c71-1cc7-3f23-8c03-c335c2d13c66","borderNode":false,"modifiers":["Hidden"],"state":"Hidden","collapsingState":"EXPANDED","insideLabel":{"id":"1d68f34c-93eb-3575-86d2-8069342449a7","text":"state transition","insideLabelLocation":"TOP_CENTER","style":{"color":"#000000","fontSize":12,"bold":false,"italic":true,"underline":false,"strikeThrough":false,"iconURL":[],"background":"transparent","borderColor":"black","borderSize":0,"borderRadius":3,"borderStyle":"Solid","maxWidth":null},"isHeader":true,"headerSeparatorDisplayMode":"NEVER","overflowStrategy":"NONE","textAlign":"CENTER"},"outsideLabels":[],"style":{"background":"transparent","borderColor":"#000000","borderSize":1,"borderRadius":0,"borderStyle":"Solid"},"childrenLayoutStrategy":{"kind":"FreeForm"},"borderNodes":[],"childNodes":[],"defaultWidth":125,"defaultHeight":150,"labelEditable":false,"pinned":false}],"defaultWidth":125,"defaultHeight":60,"labelEditable":true,"pinned":false},{"id":"79ba2f1d-2495-3483-9dc8-ef83d092b6db","type":"node:rectangle","targetObjectId":"c31e70fe-0607-45ad-b837-e48f4216c22b","targetObjectKind":"siriusComponents://semantic?domain=sysml&entity=PartUsage","targetObjectLabel":"chemical_usage","descriptionId":"siriusComponents://nodeDescription?sourceKind=view&sourceId=8dcd14b0-6259-3193-ad2c-743f394c68e4&sourceElementId=bd119f62-45c5-3868-9727-9f954e05e4fa","borderNode":false,"modifiers":[],"state":"Normal","collapsingState":"EXPANDED","insideLabel":{"id":"7ec0b72f-9bb2-37ea-a683-5c5d3dbf5a42","text":"«part»\nchemical_usage : Chemical_Dosage_Verification","insideLabelLocation":"TOP_CENTER","style":{"color":"#000000","fontSize":14,"bold":false,"italic":false,"underline":false,"strikeThrough":false,"iconURL":["/icons/full/obj16/PartUsage.svg"],"background":"transparent","borderColor":"black","borderSize":0,"borderRadius":3,"borderStyle":"Solid","maxWidth":null},"isHeader":true,"headerSeparatorDisplayMode":"IF_CHILDREN","overflowStrategy":"NONE","textAlign":"CENTER"},"outsideLabels":[],"style":{"background":"#ffffff","borderColor":"#000000","borderSize":1,"borderRadius":10,"borderStyle":"Solid"},"childrenLayoutStrategy":{"areChildNodesDraggable":false,"topGap":0,"bottomGap":0,"growableNodeIds":["siriusComponents://nodeDescription?sourceKind=view&sourceId=8dcd14b0-6259-3193-ad2c-743f394c68e4&sourceElementId=30a9de2f-14f9-3de6-b68e-06b79b675555","siriusComponents://nodeDescription?sourceKind=view&sourceId=8dcd14b0-6259-3193-ad2c-743f394c68e4&sourceElementId=c47f5c71-1cc7-3f23-8c03-c335c2d13c66"],"kind":"List"},"borderNodes":[],"childNodes":[{"id":"d7e8ddfc-cbba-3356-a9f0-a2debb8dd325","type":"node:rectangle","targetObjectId":"c31e70fe-0607-45ad-b837-e48f4216c22b","targetObjectKind":"siriusComponents://semantic?domain=sysml&entity=PartUsage","targetObjectLabel":"chemical_usage","descriptionId":"siriusComponents://nodeDescription?sourceKind=view&sourceId=8dcd14b0-6259-3193-ad2c-743f394c68e4&sourceElementId=c901d8ce-4c57-3ede-8fdb-3c5aa91b67ba","borderNode":false,"modifiers":["Hidden"],"state":"Hidden","collapsingState":"EXPANDED","insideLabel":{"id":"bf5047fa-8671-3579-bf5e-2f0f18434baa","text":"doc","insideLabelLocation":"TOP_CENTER","style":{"color":"#000000","fontSize":12,"bold":false,"italic":true,"underline":false,"strikeThrough":false,"iconURL":[],"background":"transparent","borderColor":"black","borderSize":0,"borderRadius":3,"borderStyle":"Solid","maxWidth":null},"isHeader":true,"headerSeparatorDisplayMode":"NEVER","overflowStrategy":"NONE","textAlign":"CENTER"},"outsideLabels":[],"style":{"background":"transparent","borderColor":"#000000","borderSize":1,"borderRadius":0,"borderStyle":"Solid"},"childrenLayoutStrategy":{"areChildNodesDraggable":true,"topGap":0,"bottomGap":10,"growableNodeIds":[],"kind":"List"},"borderNodes":[],"childNodes":[],"defaultWidth":125,"defaultHeight":60,"labelEditable":false,"pinned":false},{"id":"9eceb725-f82e-3f6e-a661-36fb5c612710","type":"node:rectangle","targetObjectId":"c31e70fe-0607-45ad-b837-e48f4216c22b","targetObjectKind":"siriusComponents://semantic?domain=sysml&entity=PartUsage","targetObjectLabel":"chemical_usage","descriptionId":"siriusComponents://nodeDescription?sourceKind=view&sourceId=8dcd14b0-6259-3193-ad2c-743f394c68e4&sourceElementId=a1300415-10e4-37bb-87ed-206ec95079f0","borderNode":false,"modifiers":["Hidden"],"state":"Hidden","collapsingState":"EXPANDED","insideLabel":{"id":"95619dfb-8669-3e6b-928e-16fe9f29df7b","text":"attributes","insideLabelLocation":"TOP_CENTER","style":{"color":"#000000","fontSize":12,"bold":false,"italic":true,"underline":false,"strikeThrough":false,"iconURL":[],"background":"transparent","borderColor":"black","borderSize":0,"borderRadius":3,"borderStyle":"Solid","maxWidth":null},"isHeader":true,"headerSeparatorDisplayMode":"NEVER","overflowStrategy":"NONE","textAlign":"CENTER"},"outsideLabels":[],"style":{"background":"transparent","borderColor":"#000000","borderSize":1,"borderRadius":0,"borderStyle":"Solid"},"childrenLayoutStrategy":{"areChildNodesDraggable":true,"topGap":0,"bottomGap":10,"growableNodeIds":[],"kind":"List"},"borderNodes":[],"childNodes":[],"defaultWidth":125,"defaultHeight":60,"labelEditable":false,"pinned":false},{"id":"7df4b78b-de43-3dc7-a35a-86029ecd67ef","type":"node:rectangle","targetObjectId":"c31e70fe-0607-45ad-b837-e48f4216c22b","targetObjectKind":"siriusComponents://semantic?domain=sysml&entity=PartUsage","targetObjectLabel":"chemical_usage","descriptionId":"siriusComponents://nodeDescription?sourceKind=view&sourceId=8dcd14b0-6259-3193-ad2c-743f394c68e4&sourceElementId=cc126737-2324-3253-ae11-37d5b0dee7b9","borderNode":false,"modifiers":["Hidden"],"state":"Hidden","collapsingState":"EXPANDED","insideLabel":{"id":"7d0baff2-436b-3dfe-b23d-7564e07134fd","text":"ports","insideLabelLocation":"TOP_CENTER","style":{"color":"#000000","fontSize":12,"bold":false,"italic":true,"underline":false,"strikeThrough":false,"iconURL":[],"background":"transparent","borderColor":"black","borderSize":0,"borderRadius":3,"borderStyle":"Solid","maxWidth":null},"isHeader":true,"headerSeparatorDisplayMode":"NEVER","overflowStrategy":"NONE","textAlign":"CENTER"},"outsideLabels":[],"style":{"background":"transparent","borderColor":"#000000","borderSize":1,"borderRadius":0,"borderStyle":"Solid"},"childrenLayoutStrategy":{"areChildNodesDraggable":true,"topGap":0,"bottomGap":10,"growableNodeIds":[],"kind":"List"},"borderNodes":[],"childNodes":[],"defaultWidth":125,"defaultHeight":60,"labelEditable":false,"pinned":false},{"id":"4662c5e0-c8bf-37eb-b2d5-399ef0894b98","type":"node:rectangle","targetObjectId":"c31e70fe-0607-45ad-b837-e48f4216c22b","targetObjectKind":"siriusComponents://semantic?domain=sysml&entity=PartUsage","targetObjectLabel":"chemical_usage","descriptionId":"siriusComponents://nodeDescription?sourceKind=view&sourceId=8dcd14b0-6259-3193-ad2c-743f394c68e4&sourceElementId=f664d1f2-e48d-3f5a-a073-141fc0ddc418","borderNode":false,"modifiers":["Hidden"],"state":"Hidden","collapsingState":"EXPANDED","insideLabel":{"id":"cd54fda8-01f1-3f3e-b3a6-c16106e71938","text":"actions","insideLabelLocation":"TOP_CENTER","style":{"color":"#000000","fontSize":12,"bold":false,"italic":true,"underline":false,"strikeThrough":false,"iconURL":[],"background":"transparent","borderColor":"black","borderSize":0,"borderRadius":3,"borderStyle":"Solid","maxWidth":null},"isHeader":true,"headerSeparatorDisplayMode":"NEVER","overflowStrategy":"NONE","textAlign":"CENTER"},"outsideLabels":[],"style":{"background":"transparent","borderColor":"#000000","borderSize":1,"borderRadius":0,"borderStyle":"Solid"},"childrenLayoutStrategy":{"areChildNodesDraggable":true,"topGap":0,"bottomGap":10,"growableNodeIds":[],"kind":"List"},"borderNodes":[],"childNodes":[],"defaultWidth":125,"defaultHeight":60,"labelEditable":false,"pinned":false},{"id":"d036f4f4-a682-3af9-aee4-e64341381a03","type":"node:rectangle","targetObjectId":"c31e70fe-0607-45ad-b837-e48f4216c22b","targetObjectKind":"siriusComponents://semantic?domain=sysml&entity=PartUsage","targetObjectLabel":"chemical_usage","descriptionId":"siriusComponents://nodeDescription?sourceKind=view&sourceId=8dcd14b0-6259-3193-ad2c-743f394c68e4&sourceElementId=7024f0ac-260c-3ac8-82b5-2b3c9fcc8ed3","borderNode":false,"modifiers":["Hidden"],"state":"Hidden","collapsingState":"EXPANDED","insideLabel":{"id":"c9ee41ad-45cd-3639-83e3-8e4d6ab74840","text":"states","insideLabelLocation":"TOP_CENTER","style":{"color":"#000000","fontSize":12,"bold":false,"italic":true,"underline":false,"strikeThrough":false,"iconURL":[],"background":"transparent","borderColor":"black","borderSize":0,"borderRadius":3,"borderStyle":"Solid","maxWidth":null},"isHeader":true,"headerSeparatorDisplayMode":"NEVER","overflowStrategy":"NONE","textAlign":"CENTER"},"outsideLabels":[],"style":{"background":"transparent","borderColor":"#000000","borderSize":1,"borderRadius":0,"borderStyle":"Solid"},"childrenLayoutStrategy":{"areChildNodesDraggable":true,"topGap":0,"bottomGap":10,"growableNodeIds":[],"kind":"List"},"borderNodes":[],"childNodes":[],"defaultWidth":125,"defaultHeight":60,"labelEditable":false,"pinned":false},{"id":"2810436f-469f-3a2a-81ee-ad14f929a5f3","type":"node:rectangle","targetObjectId":"c31e70fe-0607-45ad-b837-e48f4216c22b","targetObjectKind":"siriusComponents://semantic?domain=sysml&entity=PartUsage","targetObjectLabel":"chemical_usage","descriptionId":"siriusComponents://nodeDescription?sourceKind=view&sourceId=8dcd14b0-6259-3193-ad2c-743f394c68e4&sourceElementId=30a9de2f-14f9-3de6-b68e-06b79b675555","borderNode":false,"modifiers":["Hidden"],"state":"Hidden","collapsingState":"EXPANDED","insideLabel":{"id":"e0456609-4ec5-36f0-b0f9-ceabb1ce0e8a","text":"action flow","insideLabelLocation":"TOP_CENTER","style":{"color":"#000000","fontSize":12,"bold":false,"italic":true,"underline":false,"strikeThrough":false,"iconURL":[],"background":"transparent","borderColor":"black","borderSize":0,"borderRadius":3,"borderStyle":"Solid","maxWidth":null},"isHeader":true,"headerSeparatorDisplayMode":"NEVER","overflowStrategy":"NONE","textAlign":"CENTER"},"outsideLabels":[],"style":{"background":"transparent","borderColor":"#000000","borderSize":1,"borderRadius":0,"borderStyle":"Solid"},"childrenLayoutStrategy":{"kind":"FreeForm"},"borderNodes":[],"childNodes":[],"defaultWidth":125,"defaultHeight":150,"labelEditable":false,"pinned":false},{"id":"54479fcc-c63f-35f2-99be-eb747ebfb544","type":"node:rectangle","targetObjectId":"c31e70fe-0607-45ad-b837-e48f4216c22b","targetObjectKind":"siriusComponents://semantic?domain=sysml&entity=PartUsage","targetObjectLabel":"chemical_usage","descriptionId":"siriusComponents://nodeDescription?sourceKind=view&sourceId=8dcd14b0-6259-3193-ad2c-743f394c68e4&sourceElementId=c47f5c71-1cc7-3f23-8c03-c335c2d13c66","borderNode":false,"modifiers":["Hidden"],"state":"Hidden","collapsingState":"EXPANDED","insideLabel":{"id":"734ec7f9-ffea-3e45-a6b0-c45ac6bea832","text":"state transition","insideLabelLocation":"TOP_CENTER","style":{"color":"#000000","fontSize":12,"bold":false,"italic":true,"underline":false,"strikeThrough":false,"iconURL":[],"background":"transparent","borderColor":"black","borderSize":0,"borderRadius":3,"borderStyle":"Solid","maxWidth":null},"isHeader":true,"headerSeparatorDisplayMode":"NEVER","overflowStrategy":"NONE","textAlign":"CENTER"},"outsideLabels":[],"style":{"background":"transparent","borderColor":"#000000","borderSize":1,"borderRadius":0,"borderStyle":"Solid"},"childrenLayoutStrategy":{"kind":"FreeForm"},"borderNodes":[],"childNodes":[],"defaultWidth":125,"defaultHeight":150,"labelEditable":false,"pinned":false}],"defaultWidth":125,"defaultHeight":60,"labelEditable":true,"pinned":false}],"edges":[{"id":"4c2eb53b-7a37-31fc-b7a9-19ce37d07f62","type":"edge:straight","targetObjectId":"0b1e9e43-edd7-44cb-944c-25ebdd7ab824","targetObjectKind":"siriusComponents://semantic?domain=sysml&entity=Dependency","targetObjectLabel":"verify","descriptionId":"siriusComponents://edgeDescription?sourceKind=view&sourceId=8dcd14b0-6259-3193-ad2c-743f394c68e4&sourceElementId=9938eddb-e21d-3a4e-8817-f5d5479aad24","beginLabel":null,"centerLabel":{"id":"65040d8a-d0fa-313f-836d-9a7f404987e6","type":"label:edge-center","text":"verify","style":{"color":"#000000","fontSize":14,"bold":false,"italic":false,"underline":false,"strikeThrough":false,"iconURL":[],"background":"transparent","borderColor":"black","borderSize":0,"borderRadius":3,"borderStyle":"Solid","maxWidth":null}},"endLabel":null,"sourceId":"9a97e68a-bfef-3fcf-b8e0-cc286ab1d9f4","targetId":"7e5ef83c-c8cc-3f48-8f73-56832d566d02","modifiers":[],"state":"Normal","style":{"size":1,"lineStyle":"Dash","sourceArrow":"None","targetArrow":"InputArrow","color":"#000000"},"centerLabelEditable":true},{"id":"65c07e1b-e591-3280-91d8-f91d9f7ccfdc","type":"edge:straight","targetObjectId":"21a0448c-cce8-4b14-9ef9-89f32a35f31c","targetObjectKind":"siriusComponents://semantic?domain=sysml&entity=Dependency","targetObjectLabel":"verify","descriptionId":"siriusComponents://edgeDescription?sourceKind=view&sourceId=8dcd14b0-6259-3193-ad2c-743f394c68e4&sourceElementId=9938eddb-e21d-3a4e-8817-f5d5479aad24","beginLabel":null,"centerLabel":{"id":"4217dc5e-9080-30c5-890f-01dbc396f67a","type":"label:edge-center","text":"verify","style":{"color":"#000000","fontSize":14,"bold":false,"italic":false,"underline":false,"strikeThrough":false,"iconURL":[],"background":"transparent","borderColor":"black","borderSize":0,"borderRadius":3,"borderStyle":"Solid","maxWidth":null}},"endLabel":null,"sourceId":"79ba2f1d-2495-3483-9dc8-ef83d092b6db","targetId":"cfda7938-5202-3e5f-884a-0f209ba4793e","modifiers":[],"state":"Normal","style":{"size":1,"lineStyle":"Dash","sourceArrow":"None","targetArrow":"InputArrow","color":"#000000"},"centerLabelEditable":true}],"layoutData":{"nodeLayoutData":{"4662c5e0-c8bf-37eb-b2d5-399ef0894b98":{"id":"4662c5e0-c8bf-37eb-b2d5-399ef0894b98","position":{"x":0.0,"y":0.0},"size":{"width":125.0,"height":60.0},"resizedByUser":false},"7df4b78b-de43-3dc7-a35a-86029ecd67ef":{"id":"7df4b78b-de43-3dc7-a35a-86029ecd67ef","position":{"x":0.0,"y":0.0},"size":{"width":125.0,"height":60.0},"resizedByUser":false},"6e84f7aa-a01a-3b63-8488-4bb55e9f9678":{"id":"6e84f7aa-a01a-3b63-8488-4bb55e9f9678","position":{"x":0.0,"y":0.0},"size":{"width":125.0,"height":60.0},"resizedByUser":false},"54479fcc-c63f-35f2-99be-eb747ebfb544":{"id":"54479fcc-c63f-35f2-99be-eb747ebfb544","position":{"x":0.0,"y":0.0},"size":{"width":125.0,"height":150.0},"resizedByUser":false},"3ef3a083-1c66-3af6-843f-465af736b5f9":{"id":"3ef3a083-1c66-3af6-843f-465af736b5f9","position":{"x":0.0,"y":0.0},"size":{"width":125.0,"height":60.0},"resizedByUser":false},"9c735f13-eb07-3fc5-a498-9c180b7a209d":{"id":"9c735f13-eb07-3fc5-a498-9c180b7a209d","position":{"x":0.0,"y":0.0},"size":{"width":125.0,"height":60.0},"resizedByUser":false},"cfda7938-5202-3e5f-884a-0f209ba4793e":{"id":"cfda7938-5202-3e5f-884a-0f209ba4793e","position":{"x":97.2967925616922,"y":60.0},"size":{"width":436.6499877929688,"height":60.0},"resizedByUser":false},"58cb21ff-8446-38de-b02d-fdce68276eb3":{"id":"58cb21ff-8446-38de-b02d-fdce68276eb3","position":{"x":0.0,"y":0.0},"size":{"width":125.0,"height":60.0},"resizedByUser":false},"ff1d26b5-ebce-3bc5-b5b3-8978d43ee014":{"id":"ff1d26b5-ebce-3bc5-b5b3-8978d43ee014","position":{"x":0.0,"y":0.0},"size":{"width":125.0,"height":60.0},"resizedByUser":false},"d2e58be3-b815-3963-8ac8-6ab1fd9156c6":{"id":"d2e58be3-b815-3963-8ac8-6ab1fd9156c6","position":{"x":0.0,"y":0.0},"size":{"width":125.0,"height":60.0},"resizedByUser":false},"9e614a38-bf37-3c78-8c95-ad6e55a48e3b":{"id":"9e614a38-bf37-3c78-8c95-ad6e55a48e3b","position":{"x":0.0,"y":0.0},"size":{"width":125.0,"height":60.0},"resizedByUser":false},"eca98bd1-cb1c-32d6-ad60-7c32d3898b59":{"id":"eca98bd1-cb1c-32d6-ad60-7c32d3898b59","position":{"x":0.0,"y":0.0},"size":{"width":125.0,"height":60.0},"resizedByUser":false},"6b45a894-f82e-3042-b3f8-a5be15fa371f":{"id":"6b45a894-f82e-3042-b3f8-a5be15fa371f","position":{"x":0.0,"y":0.0},"size":{"width":125.0,"height":150.0},"resizedByUser":false},"291765bc-8344-35d5-a971-ddc69fc8c8e3":{"id":"291765bc-8344-35d5-a971-ddc69fc8c8e3","position":{"x":0.0,"y":0.0},"size":{"width":125.0,"height":60.0},"resizedByUser":false},"37437457-39d6-3546-8d72-727208ca71b7":{"id":"37437457-39d6-3546-8d72-727208ca71b7","position":{"x":0.0,"y":0.0},"size":{"width":125.0,"height":60.0},"resizedByUser":false},"0078ac41-2de3-3728-a8fc-e29c24695086":{"id":"0078ac41-2de3-3728-a8fc-e29c24695086","position":{"x":0.0,"y":0.0},"size":{"width":125.0,"height":60.0},"resizedByUser":false},"a5a02e2b-9031-3922-bd5d-6d91b49b3095":{"id":"a5a02e2b-9031-3922-bd5d-6d91b49b3095","position":{"x":0.0,"y":0.0},"size":{"width":125.0,"height":60.0},"resizedByUser":false},"51d3d8e6-eba4-337c-9673-2a5bcbf9a3a9":{"id":"51d3d8e6-eba4-337c-9673-2a5bcbf9a3a9","position":{"x":0.0,"y":0.0},"size":{"width":125.0,"height":60.0},"resizedByUser":false},"9a97e68a-bfef-3fcf-b8e0-cc286ab1d9f4":{"id":"9a97e68a-bfef-3fcf-b8e0-cc286ab1d9f4","position":{"x":785.4054985756807,"y":-65.09474025972763},"size":{"width":295.8666625976563,"height":60.0},"resizedByUser":false},"46f0b48e-062d-383e-8045-41a80d04254c":{"id":"46f0b48e-062d-383e-8045-41a80d04254c","position":{"x":0.0,"y":0.0},"size":{"width":125.0,"height":60.0},"resizedByUser":false},"2810436f-469f-3a2a-81ee-ad14f929a5f3":{"id":"2810436f-469f-3a2a-81ee-ad14f929a5f3","position":{"x":0.0,"y":0.0},"size":{"width":125.0,"height":150.0},"resizedByUser":false},"79ba2f1d-2495-3483-9dc8-ef83d092b6db":{"id":"79ba2f1d-2495-3483-9dc8-ef83d092b6db","position":{"x":165.26346736637967,"y":-123.80292192891692},"size":{"width":368.6833129882813,"height":60.0},"resizedByUser":false},"969fa8bb-bc58-3cde-bf21-a02d390fb6db":{"id":"969fa8bb-bc58-3cde-bf21-a02d390fb6db","position":{"x":0.0,"y":0.0},"size":{"width":125.0,"height":60.0},"resizedByUser":false},"e7ea0876-0834-3cc7-975d-d06d86c12c63":{"id":"e7ea0876-0834-3cc7-975d-d06d86c12c63","position":{"x":0.0,"y":0.0},"size":{"width":125.0,"height":60.0},"resizedByUser":false},"d7e8ddfc-cbba-3356-a9f0-a2debb8dd325":{"id":"d7e8ddfc-cbba-3356-a9f0-a2debb8dd325","position":{"x":0.0,"y":0.0},"size":{"width":125.0,"height":60.0},"resizedByUser":false},"7e5ef83c-c8cc-3f48-8f73-56832d566d02":{"id":"7e5ef83c-c8cc-3f48-8f73-56832d566d02","position":{"x":660.1957406120946,"y":107.11706669547982},"size":{"width":491.3999877929688,"height":60.0},"resizedByUser":false},"0734ec0d-9d93-32fe-8325-1dc85f3f2c2e":{"id":"0734ec0d-9d93-32fe-8325-1dc85f3f2c2e","position":{"x":0.0,"y":0.0},"size":{"width":125.0,"height":150.0},"resizedByUser":false},"823cfba0-aa06-3247-8692-d85435db89e5":{"id":"823cfba0-aa06-3247-8692-d85435db89e5","position":{"x":0.0,"y":0.0},"size":{"width":125.0,"height":60.0},"resizedByUser":false},"adc07842-10a5-33e7-b89e-06f707ed3492":{"id":"adc07842-10a5-33e7-b89e-06f707ed3492","position":{"x":0.0,"y":0.0},"size":{"width":125.0,"height":60.0},"resizedByUser":false},"d036f4f4-a682-3af9-aee4-e64341381a03":{"id":"d036f4f4-a682-3af9-aee4-e64341381a03","position":{"x":0.0,"y":0.0},"size":{"width":125.0,"height":60.0},"resizedByUser":false},"061477b9-b0ea-398f-80ff-abf800abcad0":{"id":"061477b9-b0ea-398f-80ff-abf800abcad0","position":{"x":0.0,"y":0.0},"size":{"width":125.0,"height":60.0},"resizedByUser":false},"9eceb725-f82e-3f6e-a661-36fb5c612710":{"id":"9eceb725-f82e-3f6e-a661-36fb5c612710","position":{"x":0.0,"y":0.0},"size":{"width":125.0,"height":60.0},"resizedByUser":false}},"edgeLayoutData":{},"labelLayoutData":{}}}}