{"id":"251a8ffe-56bc-45f0-88fc-b8695f157b1a","projectId":"0f8b3b25-43bb-4a86-b07f-4db50814a839","descriptionId":"siriusComponents://representationDescription?kind=diagramDescription&sourceKind=view&sourceId=74c5d045-51d7-359f-9634-611d0f1bef3d&sourceElementId=e1bd3b6d-357b-3068-b2e9-e0c1e19d6856","targetObjectId":"5c9b6d5b-1a76-4aa5-bbcb-eec1edac969b","label":"Internal_Drone_Interconncetion_View","kind":"siriusComponents://representation?type=Diagram","representation":{"id":"251a8ffe-56bc-45f0-88fc-b8695f157b1a","kind":"siriusComponents://representation?type=Diagram","targetObjectId":"5c9b6d5b-1a76-4aa5-bbcb-eec1edac969b","descriptionId":"siriusComponents://representationDescription?kind=diagramDescription&sourceKind=view&sourceId=74c5d045-51d7-359f-9634-611d0f1bef3d&sourceElementId=e1bd3b6d-357b-3068-b2e9-e0c1e19d6856","nodes":[{"id":"35bd2505-8731-3eb4-95df-4876e53dda5c","type":"node:rectangle","targetObjectId":"5c9b6d5b-1a76-4aa5-bbcb-eec1edac969b","targetObjectKind":"siriusComponents://semantic?domain=sysml&entity=PartDefinition","targetObjectLabel":"Drone","descriptionId":"siriusComponents://nodeDescription?sourceKind=view&sourceId=74c5d045-51d7-359f-9634-611d0f1bef3d&sourceElementId=4055a909-560d-3db5-a777-ea29c14cc2c2","borderNode":false,"modifiers":[],"state":"Normal","collapsingState":"EXPANDED","insideLabel":{"id":"1074da46-25a4-3a39-b781-cc0269d9208c","text":"«part def»\nDrone","insideLabelLocation":"TOP_CENTER","style":{"color":"#000000","fontSize":14,"bold":false,"italic":false,"underline":false,"strikeThrough":false,"iconURL":["/icons/full/obj16/PartDefinition.svg"],"background":"transparent","borderColor":"black","borderSize":0,"borderRadius":3,"borderStyle":"Solid","maxWidth":null},"isHeader":true,"headerSeparatorDisplayMode":"NEVER","overflowStrategy":"NONE","textAlign":"CENTER"},"outsideLabels":[],"style":{"background":"#ffffff","borderColor":"#000000","borderSize":1,"borderRadius":0,"borderStyle":"Solid"},"childrenLayoutStrategy":{"kind":"FreeForm"},"borderNodes":[{"id":"ec5ed677-797e-3e46-b94d-5c1542f40177","type":"node:rectangle","targetObjectId":"d37daa07-1bf6-4eb3-8caa-efd5b67420ec","targetObjectKind":"siriusComponents://semantic?domain=sysml&entity=PortUsage","targetObjectLabel":"port1","descriptionId":"siriusComponents://nodeDescription?sourceKind=view&sourceId=74c5d045-51d7-359f-9634-611d0f1bef3d&sourceElementId=9e813b81-da01-3300-8d02-c881f85ccadc","borderNode":true,"modifiers":[],"state":"Normal","collapsingState":"EXPANDED","insideLabel":null,"outsideLabels":[{"id":"8860fc61-5102-3877-8270-9d9e9933bce9","text":"port1","outsideLabelLocation":"BOTTOM_MIDDLE","style":{"color":"#000000","fontSize":12,"bold":false,"italic":false,"underline":false,"strikeThrough":false,"iconURL":[],"background":"transparent","borderColor":"black","borderSize":0,"borderRadius":3,"borderStyle":"Solid","maxWidth":null},"overflowStrategy":"NONE","textAlign":"LEFT"}],"style":{"background":"#ffffff","borderColor":"#000000","borderSize":1,"borderRadius":0,"borderStyle":"Solid"},"childrenLayoutStrategy":null,"borderNodes":[],"childNodes":[],"defaultWidth":10,"defaultHeight":10,"labelEditable":true,"pinned":false},{"id":"3e161506-6d3e-3d30-952e-b5f45539c2d5","type":"node:rectangle","targetObjectId":"507c4914-12cc-44f2-be04-d6c083efc257","targetObjectKind":"siriusComponents://semantic?domain=sysml&entity=PortUsage","targetObjectLabel":"port2","descriptionId":"siriusComponents://nodeDescription?sourceKind=view&sourceId=74c5d045-51d7-359f-9634-611d0f1bef3d&sourceElementId=9e813b81-da01-3300-8d02-c881f85ccadc","borderNode":true,"modifiers":[],"state":"Normal","collapsingState":"EXPANDED","insideLabel":null,"outsideLabels":[{"id":"2a5d5e38-052e-3c00-9ae1-9250cc54fd79","text":"port2","outsideLabelLocation":"BOTTOM_MIDDLE","style":{"color":"#000000","fontSize":12,"bold":false,"italic":false,"underline":false,"strikeThrough":false,"iconURL":[],"background":"transparent","borderColor":"black","borderSize":0,"borderRadius":3,"borderStyle":"Solid","maxWidth":null},"overflowStrategy":"NONE","textAlign":"LEFT"}],"style":{"background":"#ffffff","borderColor":"#000000","borderSize":1,"borderRadius":0,"borderStyle":"Solid"},"childrenLayoutStrategy":null,"borderNodes":[],"childNodes":[],"defaultWidth":10,"defaultHeight":10,"labelEditable":true,"pinned":false},{"id":"82d9bb60-2bd7-35a6-a6b2-dba96fc315d7","type":"node:rectangle","targetObjectId":"b9d1591b-3c80-41d5-b054-900bc9c527cf","targetObjectKind":"siriusComponents://semantic?domain=sysml&entity=PortUsage","targetObjectLabel":"port3","descriptionId":"siriusComponents://nodeDescription?sourceKind=view&sourceId=74c5d045-51d7-359f-9634-611d0f1bef3d&sourceElementId=9e813b81-da01-3300-8d02-c881f85ccadc","borderNode":true,"modifiers":[],"state":"Normal","collapsingState":"EXPANDED","insideLabel":null,"outsideLabels":[{"id":"5c79edc1-66a2-3bf7-9195-7a72a6db0dfe","text":"port3","outsideLabelLocation":"BOTTOM_MIDDLE","style":{"color":"#000000","fontSize":12,"bold":false,"italic":false,"underline":false,"strikeThrough":false,"iconURL":[],"background":"transparent","borderColor":"black","borderSize":0,"borderRadius":3,"borderStyle":"Solid","maxWidth":null},"overflowStrategy":"NONE","textAlign":"LEFT"}],"style":{"background":"#ffffff","borderColor":"#000000","borderSize":1,"borderRadius":0,"borderStyle":"Solid"},"childrenLayoutStrategy":null,"borderNodes":[],"childNodes":[],"defaultWidth":10,"defaultHeight":10,"labelEditable":true,"pinned":false},{"id":"ddb0375d-9859-3185-bbcb-c1c9040699a0","type":"node:rectangle","targetObjectId":"2be48254-74c3-4390-8687-d7faabd2310d","targetObjectKind":"siriusComponents://semantic?domain=sysml&entity=PortUsage","targetObjectLabel":"port4","descriptionId":"siriusComponents://nodeDescription?sourceKind=view&sourceId=74c5d045-51d7-359f-9634-611d0f1bef3d&sourceElementId=9e813b81-da01-3300-8d02-c881f85ccadc","borderNode":true,"modifiers":[],"state":"Normal","collapsingState":"EXPANDED","insideLabel":null,"outsideLabels":[{"id":"92b333ea-7479-3b4b-b2da-4ac4debd9571","text":"port4","outsideLabelLocation":"BOTTOM_MIDDLE","style":{"color":"#000000","fontSize":12,"bold":false,"italic":false,"underline":false,"strikeThrough":false,"iconURL":[],"background":"transparent","borderColor":"black","borderSize":0,"borderRadius":3,"borderStyle":"Solid","maxWidth":null},"overflowStrategy":"NONE","textAlign":"LEFT"}],"style":{"background":"#ffffff","borderColor":"#000000","borderSize":1,"borderRadius":0,"borderStyle":"Solid"},"childrenLayoutStrategy":null,"borderNodes":[],"childNodes":[],"defaultWidth":10,"defaultHeight":10,"labelEditable":true,"pinned":false},{"id":"8fea66e4-2045-3137-8314-dfd4d107b772","type":"node:rectangle","targetObjectId":"7dc5ef9f-2004-4c81-84ba-6fc77d34edb1","targetObjectKind":"siriusComponents://semantic?domain=sysml&entity=PortUsage","targetObjectLabel":"port5","descriptionId":"siriusComponents://nodeDescription?sourceKind=view&sourceId=74c5d045-51d7-359f-9634-611d0f1bef3d&sourceElementId=9e813b81-da01-3300-8d02-c881f85ccadc","borderNode":true,"modifiers":[],"state":"Normal","collapsingState":"EXPANDED","insideLabel":null,"outsideLabels":[{"id":"f71428f8-8f15-336d-8653-ebdaa9237e31","text":"port5","outsideLabelLocation":"BOTTOM_MIDDLE","style":{"color":"#000000","fontSize":12,"bold":false,"italic":false,"underline":false,"strikeThrough":false,"iconURL":[],"background":"transparent","borderColor":"black","borderSize":0,"borderRadius":3,"borderStyle":"Solid","maxWidth":null},"overflowStrategy":"NONE","textAlign":"LEFT"}],"style":{"background":"#ffffff","borderColor":"#000000","borderSize":1,"borderRadius":0,"borderStyle":"Solid"},"childrenLayoutStrategy":null,"borderNodes":[],"childNodes":[],"defaultWidth":10,"defaultHeight":10,"labelEditable":true,"pinned":false},{"id":"899ac227-8077-314f-b6b8-f2559a8cee14","type":"node:rectangle","targetObjectId":"b0266f71-def8-4d68-a4d7-56e8cb77d5c9","targetObjectKind":"siriusComponents://semantic?domain=sysml&entity=PortUsage","targetObjectLabel":"port6","descriptionId":"siriusComponents://nodeDescription?sourceKind=view&sourceId=74c5d045-51d7-359f-9634-611d0f1bef3d&sourceElementId=9e813b81-da01-3300-8d02-c881f85ccadc","borderNode":true,"modifiers":[],"state":"Normal","collapsingState":"EXPANDED","insideLabel":null,"outsideLabels":[{"id":"62732bb0-1e82-3fbd-a33d-2e281cdd87e5","text":"port6","outsideLabelLocation":"BOTTOM_MIDDLE","style":{"color":"#000000","fontSize":12,"bold":false,"italic":false,"underline":false,"strikeThrough":false,"iconURL":[],"background":"transparent","borderColor":"black","borderSize":0,"borderRadius":3,"borderStyle":"Solid","maxWidth":null},"overflowStrategy":"NONE","textAlign":"LEFT"}],"style":{"background":"#ffffff","borderColor":"#000000","borderSize":1,"borderRadius":0,"borderStyle":"Solid"},"childrenLayoutStrategy":null,"borderNodes":[],"childNodes":[],"defaultWidth":10,"defaultHeight":10,"labelEditable":true,"pinned":false}],"childNodes":[{"id":"75e9182a-7ac8-3174-96c4-d7f24e7e9d92","type":"node:rectangle","targetObjectId":"ab7ac09c-1c9a-46e0-8a2a-044884db3f8a","targetObjectKind":"siriusComponents://semantic?domain=sysml&entity=PartUsage","targetObjectLabel":"sensor_suite","descriptionId":"siriusComponents://nodeDescription?sourceKind=view&sourceId=74c5d045-51d7-359f-9634-611d0f1bef3d&sourceElementId=700133eb-7806-3dce-98d2-9ec37d212aaa","borderNode":false,"modifiers":[],"state":"Normal","collapsingState":"EXPANDED","insideLabel":{"id":"aeaef30e-b858-31fc-aa8e-976250223867","text":"«part»\nsensor_suite : Sensor_System","insideLabelLocation":"TOP_CENTER","style":{"color":"#000000","fontSize":14,"bold":false,"italic":false,"underline":false,"strikeThrough":false,"iconURL":["/icons/full/obj16/PartUsage.svg"],"background":"transparent","borderColor":"black","borderSize":0,"borderRadius":3,"borderStyle":"Solid","maxWidth":null},"isHeader":true,"headerSeparatorDisplayMode":"IF_CHILDREN","overflowStrategy":"NONE","textAlign":"CENTER"},"outsideLabels":[],"style":{"background":"#ffffff","borderColor":"#000000","borderSize":1,"borderRadius":10,"borderStyle":"Solid"},"childrenLayoutStrategy":{"areChildNodesDraggable":false,"topGap":0,"bottomGap":0,"growableNodeIds":["siriusComponents://nodeDescription?sourceKind=view&sourceId=74c5d045-51d7-359f-9634-611d0f1bef3d&sourceElementId=a77b4c6c-526d-3fe4-822b-de505f743123"],"kind":"List"},"borderNodes":[{"id":"0fc0395c-ca2f-3b2e-98cd-7e3d8840f295","type":"node:image","targetObjectId":"5cd78c7c-569d-4ae4-85bf-b058863e63c6","targetObjectKind":"siriusComponents://semantic?domain=sysml&entity=PortUsage","targetObjectLabel":"port1","descriptionId":"siriusComponents://nodeDescription?sourceKind=view&sourceId=74c5d045-51d7-359f-9634-611d0f1bef3d&sourceElementId=de70405c-a973-3bca-88a6-c6829548952d","borderNode":true,"modifiers":[],"state":"Normal","collapsingState":"EXPANDED","insideLabel":null,"outsideLabels":[{"id":"11938de5-5155-34d6-9805-d52e4cf012ee","text":"port1","outsideLabelLocation":"BOTTOM_MIDDLE","style":{"color":"#000000","fontSize":12,"bold":false,"italic":false,"underline":false,"strikeThrough":false,"iconURL":[],"background":"transparent","borderColor":"black","borderSize":0,"borderRadius":3,"borderStyle":"Solid","maxWidth":null},"overflowStrategy":"NONE","textAlign":"LEFT"}],"style":{"imageURL":"/images/Feature_Out.svg","scalingFactor":1,"borderColor":"#000000","borderSize":1,"borderRadius":0,"borderStyle":"Solid","positionDependentRotation":true},"childrenLayoutStrategy":null,"borderNodes":[],"childNodes":[],"defaultWidth":10,"defaultHeight":10,"labelEditable":true,"pinned":false},{"id":"ef083c2c-efa9-3e1e-b699-b51b480bbad8","type":"node:rectangle","targetObjectId":"33034f63-2d66-4dbe-b161-55d4d455d227","targetObjectKind":"siriusComponents://semantic?domain=sysml&entity=PortUsage","targetObjectLabel":"port2","descriptionId":"siriusComponents://nodeDescription?sourceKind=view&sourceId=74c5d045-51d7-359f-9634-611d0f1bef3d&sourceElementId=de70405c-a973-3bca-88a6-c6829548952d","borderNode":true,"modifiers":[],"state":"Normal","collapsingState":"EXPANDED","insideLabel":null,"outsideLabels":[{"id":"b8b1f922-fefa-3a7b-ab75-16a5864161bf","text":"port2","outsideLabelLocation":"BOTTOM_MIDDLE","style":{"color":"#000000","fontSize":12,"bold":false,"italic":false,"underline":false,"strikeThrough":false,"iconURL":[],"background":"transparent","borderColor":"black","borderSize":0,"borderRadius":3,"borderStyle":"Solid","maxWidth":null},"overflowStrategy":"NONE","textAlign":"LEFT"}],"style":{"background":"#ffffff","borderColor":"#000000","borderSize":1,"borderRadius":0,"borderStyle":"Solid"},"childrenLayoutStrategy":null,"borderNodes":[],"childNodes":[],"defaultWidth":10,"defaultHeight":10,"labelEditable":true,"pinned":false}],"childNodes":[{"id":"a895bfc7-7e3a-35c6-851e-3b8b79e2a28f","type":"node:rectangle","targetObjectId":"ab7ac09c-1c9a-46e0-8a2a-044884db3f8a","targetObjectKind":"siriusComponents://semantic?domain=sysml&entity=PartUsage","targetObjectLabel":"sensor_suite","descriptionId":"siriusComponents://nodeDescription?sourceKind=view&sourceId=74c5d045-51d7-359f-9634-611d0f1bef3d&sourceElementId=9f871f18-dbda-3798-8e28-094acfae6a2d","borderNode":false,"modifiers":["Hidden"],"state":"Hidden","collapsingState":"EXPANDED","insideLabel":{"id":"030faf66-b05b-3c5c-95ec-81974a2531bb","text":"doc","insideLabelLocation":"TOP_CENTER","style":{"color":"#000000","fontSize":12,"bold":false,"italic":true,"underline":false,"strikeThrough":false,"iconURL":[],"background":"transparent","borderColor":"black","borderSize":0,"borderRadius":3,"borderStyle":"Solid","maxWidth":null},"isHeader":true,"headerSeparatorDisplayMode":"NEVER","overflowStrategy":"NONE","textAlign":"CENTER"},"outsideLabels":[],"style":{"background":"transparent","borderColor":"#000000","borderSize":1,"borderRadius":0,"borderStyle":"Solid"},"childrenLayoutStrategy":{"areChildNodesDraggable":true,"topGap":0,"bottomGap":10,"growableNodeIds":[],"kind":"List"},"borderNodes":[],"childNodes":[],"defaultWidth":125,"defaultHeight":60,"labelEditable":false,"pinned":false},{"id":"4047b8e4-1fb6-371a-9f4b-a7c479246d5f","type":"node:rectangle","targetObjectId":"ab7ac09c-1c9a-46e0-8a2a-044884db3f8a","targetObjectKind":"siriusComponents://semantic?domain=sysml&entity=PartUsage","targetObjectLabel":"sensor_suite","descriptionId":"siriusComponents://nodeDescription?sourceKind=view&sourceId=74c5d045-51d7-359f-9634-611d0f1bef3d&sourceElementId=85d2283f-c727-34f0-ba1b-695e544d15a7","borderNode":false,"modifiers":["Hidden"],"state":"Hidden","collapsingState":"EXPANDED","insideLabel":{"id":"ac88ce7f-578c-3df4-812a-7a5102023d46","text":"attributes","insideLabelLocation":"TOP_CENTER","style":{"color":"#000000","fontSize":12,"bold":false,"italic":true,"underline":false,"strikeThrough":false,"iconURL":[],"background":"transparent","borderColor":"black","borderSize":0,"borderRadius":3,"borderStyle":"Solid","maxWidth":null},"isHeader":true,"headerSeparatorDisplayMode":"NEVER","overflowStrategy":"NONE","textAlign":"CENTER"},"outsideLabels":[],"style":{"background":"transparent","borderColor":"#000000","borderSize":1,"borderRadius":0,"borderStyle":"Solid"},"childrenLayoutStrategy":{"areChildNodesDraggable":true,"topGap":0,"bottomGap":10,"growableNodeIds":[],"kind":"List"},"borderNodes":[],"childNodes":[],"defaultWidth":125,"defaultHeight":60,"labelEditable":false,"pinned":false},{"id":"01931b56-f3ca-3702-b8c6-20d579ecd2e0","type":"node:rectangle","targetObjectId":"ab7ac09c-1c9a-46e0-8a2a-044884db3f8a","targetObjectKind":"siriusComponents://semantic?domain=sysml&entity=PartUsage","targetObjectLabel":"sensor_suite","descriptionId":"siriusComponents://nodeDescription?sourceKind=view&sourceId=74c5d045-51d7-359f-9634-611d0f1bef3d&sourceElementId=a77b4c6c-526d-3fe4-822b-de505f743123","borderNode":false,"modifiers":["Hidden"],"state":"Hidden","collapsingState":"EXPANDED","insideLabel":{"id":"0ce25e5e-2454-3472-8521-f8d6a83325b7","text":"parts","insideLabelLocation":"TOP_CENTER","style":{"color":"#000000","fontSize":12,"bold":false,"italic":true,"underline":false,"strikeThrough":false,"iconURL":[],"background":"transparent","borderColor":"black","borderSize":0,"borderRadius":3,"borderStyle":"Solid","maxWidth":null},"isHeader":true,"headerSeparatorDisplayMode":"NEVER","overflowStrategy":"NONE","textAlign":"CENTER"},"outsideLabels":[],"style":{"background":"transparent","borderColor":"#000000","borderSize":1,"borderRadius":0,"borderStyle":"Solid"},"childrenLayoutStrategy":{"kind":"FreeForm"},"borderNodes":[],"childNodes":[],"defaultWidth":125,"defaultHeight":150,"labelEditable":false,"pinned":false}],"defaultWidth":150,"defaultHeight":60,"labelEditable":true,"pinned":false},{"id":"a6036e69-065d-3b7c-95ee-b819bd718615","type":"node:rectangle","targetObjectId":"e0adeb20-10bf-4bd9-80f9-ef41ab23f85e","targetObjectKind":"siriusComponents://semantic?domain=sysml&entity=PartUsage","targetObjectLabel":"AI_analysis","descriptionId":"siriusComponents://nodeDescription?sourceKind=view&sourceId=74c5d045-51d7-359f-9634-611d0f1bef3d&sourceElementId=700133eb-7806-3dce-98d2-9ec37d212aaa","borderNode":false,"modifiers":[],"state":"Normal","collapsingState":"EXPANDED","insideLabel":{"id":"340bd512-dbaa-3fdc-966b-81febccf402e","text":"«part»\nAI_analysis : Navigation_And_Positioning_System","insideLabelLocation":"TOP_CENTER","style":{"color":"#000000","fontSize":14,"bold":false,"italic":false,"underline":false,"strikeThrough":false,"iconURL":["/icons/full/obj16/PartUsage.svg"],"background":"transparent","borderColor":"black","borderSize":0,"borderRadius":3,"borderStyle":"Solid","maxWidth":null},"isHeader":true,"headerSeparatorDisplayMode":"IF_CHILDREN","overflowStrategy":"NONE","textAlign":"CENTER"},"outsideLabels":[],"style":{"background":"#ffffff","borderColor":"#000000","borderSize":1,"borderRadius":10,"borderStyle":"Solid"},"childrenLayoutStrategy":{"areChildNodesDraggable":false,"topGap":0,"bottomGap":0,"growableNodeIds":["siriusComponents://nodeDescription?sourceKind=view&sourceId=74c5d045-51d7-359f-9634-611d0f1bef3d&sourceElementId=a77b4c6c-526d-3fe4-822b-de505f743123"],"kind":"List"},"borderNodes":[{"id":"545c8a07-50c0-3939-b4ee-19e955c027e3","type":"node:image","targetObjectId":"6db420bd-af7a-447e-9c71-575561141fcd","targetObjectKind":"siriusComponents://semantic?domain=sysml&entity=PortUsage","targetObjectLabel":"port1","descriptionId":"siriusComponents://nodeDescription?sourceKind=view&sourceId=74c5d045-51d7-359f-9634-611d0f1bef3d&sourceElementId=de70405c-a973-3bca-88a6-c6829548952d","borderNode":true,"modifiers":[],"state":"Normal","collapsingState":"EXPANDED","insideLabel":null,"outsideLabels":[{"id":"5d17ac68-bbe2-3dc3-9933-23e62c33059a","text":"port1","outsideLabelLocation":"BOTTOM_MIDDLE","style":{"color":"#000000","fontSize":12,"bold":false,"italic":false,"underline":false,"strikeThrough":false,"iconURL":[],"background":"transparent","borderColor":"black","borderSize":0,"borderRadius":3,"borderStyle":"Solid","maxWidth":null},"overflowStrategy":"NONE","textAlign":"LEFT"}],"style":{"imageURL":"/images/Feature_In.svg","scalingFactor":1,"borderColor":"#000000","borderSize":1,"borderRadius":0,"borderStyle":"Solid","positionDependentRotation":true},"childrenLayoutStrategy":null,"borderNodes":[],"childNodes":[],"defaultWidth":10,"defaultHeight":10,"labelEditable":true,"pinned":false},{"id":"f0c15de8-4500-3ae0-824d-c56e5a9473c4","type":"node:image","targetObjectId":"438050a5-8589-4eeb-97fd-ffbe740b541d","targetObjectKind":"siriusComponents://semantic?domain=sysml&entity=PortUsage","targetObjectLabel":"port2","descriptionId":"siriusComponents://nodeDescription?sourceKind=view&sourceId=74c5d045-51d7-359f-9634-611d0f1bef3d&sourceElementId=de70405c-a973-3bca-88a6-c6829548952d","borderNode":true,"modifiers":[],"state":"Normal","collapsingState":"EXPANDED","insideLabel":null,"outsideLabels":[{"id":"d8fb39f5-e884-303b-adeb-1264d589c5a7","text":"port2","outsideLabelLocation":"BOTTOM_MIDDLE","style":{"color":"#000000","fontSize":12,"bold":false,"italic":false,"underline":false,"strikeThrough":false,"iconURL":[],"background":"transparent","borderColor":"black","borderSize":0,"borderRadius":3,"borderStyle":"Solid","maxWidth":null},"overflowStrategy":"NONE","textAlign":"LEFT"}],"style":{"imageURL":"/images/Feature_Out.svg","scalingFactor":1,"borderColor":"#000000","borderSize":1,"borderRadius":0,"borderStyle":"Solid","positionDependentRotation":true},"childrenLayoutStrategy":null,"borderNodes":[],"childNodes":[],"defaultWidth":10,"defaultHeight":10,"labelEditable":true,"pinned":false},{"id":"0c302ce2-c839-3e8c-badf-d31f2fc7beba","type":"node:image","targetObjectId":"9aba1e53-67cd-435d-8591-f55e059aeec2","targetObjectKind":"siriusComponents://semantic?domain=sysml&entity=PortUsage","targetObjectLabel":"port3","descriptionId":"siriusComponents://nodeDescription?sourceKind=view&sourceId=74c5d045-51d7-359f-9634-611d0f1bef3d&sourceElementId=de70405c-a973-3bca-88a6-c6829548952d","borderNode":true,"modifiers":[],"state":"Normal","collapsingState":"EXPANDED","insideLabel":null,"outsideLabels":[{"id":"212af158-07d7-3794-a960-5a77a267fe96","text":"port3","outsideLabelLocation":"BOTTOM_MIDDLE","style":{"color":"#000000","fontSize":12,"bold":false,"italic":false,"underline":false,"strikeThrough":false,"iconURL":[],"background":"transparent","borderColor":"black","borderSize":0,"borderRadius":3,"borderStyle":"Solid","maxWidth":null},"overflowStrategy":"NONE","textAlign":"LEFT"}],"style":{"imageURL":"/images/Feature_Out.svg","scalingFactor":1,"borderColor":"#000000","borderSize":1,"borderRadius":0,"borderStyle":"Solid","positionDependentRotation":true},"childrenLayoutStrategy":null,"borderNodes":[],"childNodes":[],"defaultWidth":10,"defaultHeight":10,"labelEditable":true,"pinned":false},{"id":"35d82909-de4b-3145-90b7-423bbd6589fc","type":"node:rectangle","targetObjectId":"2ecde233-10cd-4e67-8fc3-710625f799e3","targetObjectKind":"siriusComponents://semantic?domain=sysml&entity=PortUsage","targetObjectLabel":"port4","descriptionId":"siriusComponents://nodeDescription?sourceKind=view&sourceId=74c5d045-51d7-359f-9634-611d0f1bef3d&sourceElementId=de70405c-a973-3bca-88a6-c6829548952d","borderNode":true,"modifiers":[],"state":"Normal","collapsingState":"EXPANDED","insideLabel":null,"outsideLabels":[{"id":"7d9a2a78-0f00-355c-96ef-8557fdc26963","text":"port4","outsideLabelLocation":"BOTTOM_MIDDLE","style":{"color":"#000000","fontSize":12,"bold":false,"italic":false,"underline":false,"strikeThrough":false,"iconURL":[],"background":"transparent","borderColor":"black","borderSize":0,"borderRadius":3,"borderStyle":"Solid","maxWidth":null},"overflowStrategy":"NONE","textAlign":"LEFT"}],"style":{"background":"#ffffff","borderColor":"#000000","borderSize":1,"borderRadius":0,"borderStyle":"Solid"},"childrenLayoutStrategy":null,"borderNodes":[],"childNodes":[],"defaultWidth":10,"defaultHeight":10,"labelEditable":true,"pinned":false}],"childNodes":[{"id":"b1345316-5a8b-3212-979c-72d6ba27d499","type":"node:rectangle","targetObjectId":"e0adeb20-10bf-4bd9-80f9-ef41ab23f85e","targetObjectKind":"siriusComponents://semantic?domain=sysml&entity=PartUsage","targetObjectLabel":"AI_analysis","descriptionId":"siriusComponents://nodeDescription?sourceKind=view&sourceId=74c5d045-51d7-359f-9634-611d0f1bef3d&sourceElementId=9f871f18-dbda-3798-8e28-094acfae6a2d","borderNode":false,"modifiers":["Hidden"],"state":"Hidden","collapsingState":"EXPANDED","insideLabel":{"id":"506f592a-6c8a-3f88-9e64-be72179eafde","text":"doc","insideLabelLocation":"TOP_CENTER","style":{"color":"#000000","fontSize":12,"bold":false,"italic":true,"underline":false,"strikeThrough":false,"iconURL":[],"background":"transparent","borderColor":"black","borderSize":0,"borderRadius":3,"borderStyle":"Solid","maxWidth":null},"isHeader":true,"headerSeparatorDisplayMode":"NEVER","overflowStrategy":"NONE","textAlign":"CENTER"},"outsideLabels":[],"style":{"background":"transparent","borderColor":"#000000","borderSize":1,"borderRadius":0,"borderStyle":"Solid"},"childrenLayoutStrategy":{"areChildNodesDraggable":true,"topGap":0,"bottomGap":10,"growableNodeIds":[],"kind":"List"},"borderNodes":[],"childNodes":[],"defaultWidth":125,"defaultHeight":60,"labelEditable":false,"pinned":false},{"id":"13270f96-2036-36c9-9ecd-bac15e1b463d","type":"node:rectangle","targetObjectId":"e0adeb20-10bf-4bd9-80f9-ef41ab23f85e","targetObjectKind":"siriusComponents://semantic?domain=sysml&entity=PartUsage","targetObjectLabel":"AI_analysis","descriptionId":"siriusComponents://nodeDescription?sourceKind=view&sourceId=74c5d045-51d7-359f-9634-611d0f1bef3d&sourceElementId=85d2283f-c727-34f0-ba1b-695e544d15a7","borderNode":false,"modifiers":["Hidden"],"state":"Hidden","collapsingState":"EXPANDED","insideLabel":{"id":"6ee1d192-4ea0-3ec0-9310-76852f3b17bd","text":"attributes","insideLabelLocation":"TOP_CENTER","style":{"color":"#000000","fontSize":12,"bold":false,"italic":true,"underline":false,"strikeThrough":false,"iconURL":[],"background":"transparent","borderColor":"black","borderSize":0,"borderRadius":3,"borderStyle":"Solid","maxWidth":null},"isHeader":true,"headerSeparatorDisplayMode":"NEVER","overflowStrategy":"NONE","textAlign":"CENTER"},"outsideLabels":[],"style":{"background":"transparent","borderColor":"#000000","borderSize":1,"borderRadius":0,"borderStyle":"Solid"},"childrenLayoutStrategy":{"areChildNodesDraggable":true,"topGap":0,"bottomGap":10,"growableNodeIds":[],"kind":"List"},"borderNodes":[],"childNodes":[],"defaultWidth":125,"defaultHeight":60,"labelEditable":false,"pinned":false},{"id":"cf903357-0a77-3dea-bf08-9782ce7e2856","type":"node:rectangle","targetObjectId":"e0adeb20-10bf-4bd9-80f9-ef41ab23f85e","targetObjectKind":"siriusComponents://semantic?domain=sysml&entity=PartUsage","targetObjectLabel":"AI_analysis","descriptionId":"siriusComponents://nodeDescription?sourceKind=view&sourceId=74c5d045-51d7-359f-9634-611d0f1bef3d&sourceElementId=a77b4c6c-526d-3fe4-822b-de505f743123","borderNode":false,"modifiers":["Hidden"],"state":"Hidden","collapsingState":"EXPANDED","insideLabel":{"id":"1b46b0cc-9dc6-3211-809e-685faacd2a15","text":"parts","insideLabelLocation":"TOP_CENTER","style":{"color":"#000000","fontSize":12,"bold":false,"italic":true,"underline":false,"strikeThrough":false,"iconURL":[],"background":"transparent","borderColor":"black","borderSize":0,"borderRadius":3,"borderStyle":"Solid","maxWidth":null},"isHeader":true,"headerSeparatorDisplayMode":"NEVER","overflowStrategy":"NONE","textAlign":"CENTER"},"outsideLabels":[],"style":{"background":"transparent","borderColor":"#000000","borderSize":1,"borderRadius":0,"borderStyle":"Solid"},"childrenLayoutStrategy":{"kind":"FreeForm"},"borderNodes":[],"childNodes":[],"defaultWidth":125,"defaultHeight":150,"labelEditable":false,"pinned":false}],"defaultWidth":150,"defaultHeight":60,"labelEditable":true,"pinned":false},{"id":"1f3ae19a-3892-3bbc-acce-738cc565bfd1","type":"node:rectangle","targetObjectId":"f7110cfe-1bf1-4698-a9c5-e89e236b1abe","targetObjectKind":"siriusComponents://semantic?domain=sysml&entity=PartUsage","targetObjectLabel":"sprayer","descriptionId":"siriusComponents://nodeDescription?sourceKind=view&sourceId=74c5d045-51d7-359f-9634-611d0f1bef3d&sourceElementId=700133eb-7806-3dce-98d2-9ec37d212aaa","borderNode":false,"modifiers":[],"state":"Normal","collapsingState":"EXPANDED","insideLabel":{"id":"3214e11a-ff85-35c1-8dc6-f3638bc6d8f0","text":"«part»\nsprayer : Spray_System","insideLabelLocation":"TOP_CENTER","style":{"color":"#000000","fontSize":14,"bold":false,"italic":false,"underline":false,"strikeThrough":false,"iconURL":["/icons/full/obj16/PartUsage.svg"],"background":"transparent","borderColor":"black","borderSize":0,"borderRadius":3,"borderStyle":"Solid","maxWidth":null},"isHeader":true,"headerSeparatorDisplayMode":"IF_CHILDREN","overflowStrategy":"NONE","textAlign":"CENTER"},"outsideLabels":[],"style":{"background":"#ffffff","borderColor":"#000000","borderSize":1,"borderRadius":10,"borderStyle":"Solid"},"childrenLayoutStrategy":{"areChildNodesDraggable":false,"topGap":0,"bottomGap":0,"growableNodeIds":["siriusComponents://nodeDescription?sourceKind=view&sourceId=74c5d045-51d7-359f-9634-611d0f1bef3d&sourceElementId=a77b4c6c-526d-3fe4-822b-de505f743123"],"kind":"List"},"borderNodes":[{"id":"44af7880-ec01-3f97-9af2-a5d2eaf6f40b","type":"node:image","targetObjectId":"e90181c5-a28f-459c-95fe-4ceda5b55f2f","targetObjectKind":"siriusComponents://semantic?domain=sysml&entity=PortUsage","targetObjectLabel":"port1","descriptionId":"siriusComponents://nodeDescription?sourceKind=view&sourceId=74c5d045-51d7-359f-9634-611d0f1bef3d&sourceElementId=de70405c-a973-3bca-88a6-c6829548952d","borderNode":true,"modifiers":[],"state":"Normal","collapsingState":"EXPANDED","insideLabel":null,"outsideLabels":[{"id":"7f42cdf8-2a43-3f12-aa10-093fc5b0af88","text":"port1","outsideLabelLocation":"BOTTOM_MIDDLE","style":{"color":"#000000","fontSize":12,"bold":false,"italic":false,"underline":false,"strikeThrough":false,"iconURL":[],"background":"transparent","borderColor":"black","borderSize":0,"borderRadius":3,"borderStyle":"Solid","maxWidth":null},"overflowStrategy":"NONE","textAlign":"LEFT"}],"style":{"imageURL":"/images/Feature_In.svg","scalingFactor":1,"borderColor":"#000000","borderSize":1,"borderRadius":0,"borderStyle":"Solid","positionDependentRotation":true},"childrenLayoutStrategy":null,"borderNodes":[],"childNodes":[],"defaultWidth":10,"defaultHeight":10,"labelEditable":true,"pinned":false},{"id":"53551872-64a1-391e-9720-cdf2b9bbc17a","type":"node:rectangle","targetObjectId":"12de0fd7-930f-45d5-b6b8-e5ff9c147696","targetObjectKind":"siriusComponents://semantic?domain=sysml&entity=PortUsage","targetObjectLabel":"port2","descriptionId":"siriusComponents://nodeDescription?sourceKind=view&sourceId=74c5d045-51d7-359f-9634-611d0f1bef3d&sourceElementId=de70405c-a973-3bca-88a6-c6829548952d","borderNode":true,"modifiers":[],"state":"Normal","collapsingState":"EXPANDED","insideLabel":null,"outsideLabels":[{"id":"0b04c7eb-a6f3-339a-a55d-d189050757fd","text":"port2","outsideLabelLocation":"BOTTOM_MIDDLE","style":{"color":"#000000","fontSize":12,"bold":false,"italic":false,"underline":false,"strikeThrough":false,"iconURL":[],"background":"transparent","borderColor":"black","borderSize":0,"borderRadius":3,"borderStyle":"Solid","maxWidth":null},"overflowStrategy":"NONE","textAlign":"LEFT"}],"style":{"background":"#ffffff","borderColor":"#000000","borderSize":1,"borderRadius":0,"borderStyle":"Solid"},"childrenLayoutStrategy":null,"borderNodes":[],"childNodes":[],"defaultWidth":10,"defaultHeight":10,"labelEditable":true,"pinned":false},{"id":"c219ac59-d627-35ca-b63d-71ba6d97a8f3","type":"node:image","targetObjectId":"c3336ecb-77c7-47ff-910f-7666524ac6bc","targetObjectKind":"siriusComponents://semantic?domain=sysml&entity=PortUsage","targetObjectLabel":"port3","descriptionId":"siriusComponents://nodeDescription?sourceKind=view&sourceId=74c5d045-51d7-359f-9634-611d0f1bef3d&sourceElementId=de70405c-a973-3bca-88a6-c6829548952d","borderNode":true,"modifiers":[],"state":"Normal","collapsingState":"EXPANDED","insideLabel":null,"outsideLabels":[{"id":"f71470ae-a4ba-3dc2-b567-94b37f5df168","text":"port3","outsideLabelLocation":"BOTTOM_MIDDLE","style":{"color":"#000000","fontSize":12,"bold":false,"italic":false,"underline":false,"strikeThrough":false,"iconURL":[],"background":"transparent","borderColor":"black","borderSize":0,"borderRadius":3,"borderStyle":"Solid","maxWidth":null},"overflowStrategy":"NONE","textAlign":"LEFT"}],"style":{"imageURL":"/images/Feature_In.svg","scalingFactor":1,"borderColor":"#000000","borderSize":1,"borderRadius":0,"borderStyle":"Solid","positionDependentRotation":true},"childrenLayoutStrategy":null,"borderNodes":[],"childNodes":[],"defaultWidth":10,"defaultHeight":10,"labelEditable":true,"pinned":false},{"id":"ddff57dc-8d40-34b4-b802-db14d50436e3","type":"node:rectangle","targetObjectId":"bb63993b-ad8b-48a7-8a3c-358d88962718","targetObjectKind":"siriusComponents://semantic?domain=sysml&entity=PortUsage","targetObjectLabel":"port4","descriptionId":"siriusComponents://nodeDescription?sourceKind=view&sourceId=74c5d045-51d7-359f-9634-611d0f1bef3d&sourceElementId=de70405c-a973-3bca-88a6-c6829548952d","borderNode":true,"modifiers":[],"state":"Normal","collapsingState":"EXPANDED","insideLabel":null,"outsideLabels":[{"id":"690d8d54-a81a-3f3c-8f35-d1e552ed0f3a","text":"port4","outsideLabelLocation":"BOTTOM_MIDDLE","style":{"color":"#000000","fontSize":12,"bold":false,"italic":false,"underline":false,"strikeThrough":false,"iconURL":[],"background":"transparent","borderColor":"black","borderSize":0,"borderRadius":3,"borderStyle":"Solid","maxWidth":null},"overflowStrategy":"NONE","textAlign":"LEFT"}],"style":{"background":"#ffffff","borderColor":"#000000","borderSize":1,"borderRadius":0,"borderStyle":"Solid"},"childrenLayoutStrategy":null,"borderNodes":[],"childNodes":[],"defaultWidth":10,"defaultHeight":10,"labelEditable":true,"pinned":false}],"childNodes":[{"id":"3189dcc5-5c6d-3bb3-b337-8f592e5b7b4c","type":"node:rectangle","targetObjectId":"f7110cfe-1bf1-4698-a9c5-e89e236b1abe","targetObjectKind":"siriusComponents://semantic?domain=sysml&entity=PartUsage","targetObjectLabel":"sprayer","descriptionId":"siriusComponents://nodeDescription?sourceKind=view&sourceId=74c5d045-51d7-359f-9634-611d0f1bef3d&sourceElementId=9f871f18-dbda-3798-8e28-094acfae6a2d","borderNode":false,"modifiers":["Hidden"],"state":"Hidden","collapsingState":"EXPANDED","insideLabel":{"id":"cafca029-3b09-3084-9789-251a5c4a07f2","text":"doc","insideLabelLocation":"TOP_CENTER","style":{"color":"#000000","fontSize":12,"bold":false,"italic":true,"underline":false,"strikeThrough":false,"iconURL":[],"background":"transparent","borderColor":"black","borderSize":0,"borderRadius":3,"borderStyle":"Solid","maxWidth":null},"isHeader":true,"headerSeparatorDisplayMode":"NEVER","overflowStrategy":"NONE","textAlign":"CENTER"},"outsideLabels":[],"style":{"background":"transparent","borderColor":"#000000","borderSize":1,"borderRadius":0,"borderStyle":"Solid"},"childrenLayoutStrategy":{"areChildNodesDraggable":true,"topGap":0,"bottomGap":10,"growableNodeIds":[],"kind":"List"},"borderNodes":[],"childNodes":[],"defaultWidth":125,"defaultHeight":60,"labelEditable":false,"pinned":false},{"id":"de514956-cb1e-3c7c-91ff-7937aa4b436c","type":"node:rectangle","targetObjectId":"f7110cfe-1bf1-4698-a9c5-e89e236b1abe","targetObjectKind":"siriusComponents://semantic?domain=sysml&entity=PartUsage","targetObjectLabel":"sprayer","descriptionId":"siriusComponents://nodeDescription?sourceKind=view&sourceId=74c5d045-51d7-359f-9634-611d0f1bef3d&sourceElementId=85d2283f-c727-34f0-ba1b-695e544d15a7","borderNode":false,"modifiers":["Hidden"],"state":"Hidden","collapsingState":"EXPANDED","insideLabel":{"id":"b858291b-7da9-3ded-b0bd-bc4d3d85f413","text":"attributes","insideLabelLocation":"TOP_CENTER","style":{"color":"#000000","fontSize":12,"bold":false,"italic":true,"underline":false,"strikeThrough":false,"iconURL":[],"background":"transparent","borderColor":"black","borderSize":0,"borderRadius":3,"borderStyle":"Solid","maxWidth":null},"isHeader":true,"headerSeparatorDisplayMode":"NEVER","overflowStrategy":"NONE","textAlign":"CENTER"},"outsideLabels":[],"style":{"background":"transparent","borderColor":"#000000","borderSize":1,"borderRadius":0,"borderStyle":"Solid"},"childrenLayoutStrategy":{"areChildNodesDraggable":true,"topGap":0,"bottomGap":10,"growableNodeIds":[],"kind":"List"},"borderNodes":[],"childNodes":[],"defaultWidth":125,"defaultHeight":60,"labelEditable":false,"pinned":false},{"id":"e1ffda84-699f-3d46-9347-ab68e364bc3d","type":"node:rectangle","targetObjectId":"f7110cfe-1bf1-4698-a9c5-e89e236b1abe","targetObjectKind":"siriusComponents://semantic?domain=sysml&entity=PartUsage","targetObjectLabel":"sprayer","descriptionId":"siriusComponents://nodeDescription?sourceKind=view&sourceId=74c5d045-51d7-359f-9634-611d0f1bef3d&sourceElementId=a77b4c6c-526d-3fe4-822b-de505f743123","borderNode":false,"modifiers":["Hidden"],"state":"Hidden","collapsingState":"EXPANDED","insideLabel":{"id":"e177bd5a-0fca-3155-9e1b-e23de1d226aa","text":"parts","insideLabelLocation":"TOP_CENTER","style":{"color":"#000000","fontSize":12,"bold":false,"italic":true,"underline":false,"strikeThrough":false,"iconURL":[],"background":"transparent","borderColor":"black","borderSize":0,"borderRadius":3,"borderStyle":"Solid","maxWidth":null},"isHeader":true,"headerSeparatorDisplayMode":"NEVER","overflowStrategy":"NONE","textAlign":"CENTER"},"outsideLabels":[],"style":{"background":"transparent","borderColor":"#000000","borderSize":1,"borderRadius":0,"borderStyle":"Solid"},"childrenLayoutStrategy":{"kind":"FreeForm"},"borderNodes":[],"childNodes":[],"defaultWidth":125,"defaultHeight":150,"labelEditable":false,"pinned":false}],"defaultWidth":150,"defaultHeight":60,"labelEditable":true,"pinned":false},{"id":"1a88979c-381b-32d9-9033-55bc7a72e29f","type":"node:rectangle","targetObjectId":"52fa101f-cc71-40c5-a887-2eaf2e2a26d6","targetObjectKind":"siriusComponents://semantic?domain=sysml&entity=PartUsage","targetObjectLabel":"data_payload","descriptionId":"siriusComponents://nodeDescription?sourceKind=view&sourceId=74c5d045-51d7-359f-9634-611d0f1bef3d&sourceElementId=700133eb-7806-3dce-98d2-9ec37d212aaa","borderNode":false,"modifiers":[],"state":"Normal","collapsingState":"EXPANDED","insideLabel":{"id":"73a6b9e2-7c90-3e3a-a4ef-373be6ade83e","text":"«part»\ndata_payload : Payload_Modularity_System","insideLabelLocation":"TOP_CENTER","style":{"color":"#000000","fontSize":14,"bold":false,"italic":false,"underline":false,"strikeThrough":false,"iconURL":["/icons/full/obj16/PartUsage.svg"],"background":"transparent","borderColor":"black","borderSize":0,"borderRadius":3,"borderStyle":"Solid","maxWidth":null},"isHeader":true,"headerSeparatorDisplayMode":"IF_CHILDREN","overflowStrategy":"NONE","textAlign":"CENTER"},"outsideLabels":[],"style":{"background":"#ffffff","borderColor":"#000000","borderSize":1,"borderRadius":10,"borderStyle":"Solid"},"childrenLayoutStrategy":{"areChildNodesDraggable":false,"topGap":0,"bottomGap":0,"growableNodeIds":["siriusComponents://nodeDescription?sourceKind=view&sourceId=74c5d045-51d7-359f-9634-611d0f1bef3d&sourceElementId=a77b4c6c-526d-3fe4-822b-de505f743123"],"kind":"List"},"borderNodes":[{"id":"c5bcc572-b9be-37ff-9870-914addc76a0f","type":"node:image","targetObjectId":"7fcff55f-ca3e-4489-97b7-2bf23e12c413","targetObjectKind":"siriusComponents://semantic?domain=sysml&entity=PortUsage","targetObjectLabel":"port1","descriptionId":"siriusComponents://nodeDescription?sourceKind=view&sourceId=74c5d045-51d7-359f-9634-611d0f1bef3d&sourceElementId=de70405c-a973-3bca-88a6-c6829548952d","borderNode":true,"modifiers":[],"state":"Normal","collapsingState":"EXPANDED","insideLabel":null,"outsideLabels":[{"id":"13acab9b-e840-3c12-84aa-ad0a87e6c622","text":"port1","outsideLabelLocation":"BOTTOM_MIDDLE","style":{"color":"#000000","fontSize":12,"bold":false,"italic":false,"underline":false,"strikeThrough":false,"iconURL":[],"background":"transparent","borderColor":"black","borderSize":0,"borderRadius":3,"borderStyle":"Solid","maxWidth":null},"overflowStrategy":"NONE","textAlign":"LEFT"}],"style":{"imageURL":"/images/Feature_In.svg","scalingFactor":1,"borderColor":"#000000","borderSize":1,"borderRadius":0,"borderStyle":"Solid","positionDependentRotation":true},"childrenLayoutStrategy":null,"borderNodes":[],"childNodes":[],"defaultWidth":10,"defaultHeight":10,"labelEditable":true,"pinned":false},{"id":"84eaf214-0314-3c47-8cad-27d4e7056dab","type":"node:rectangle","targetObjectId":"101eb42a-482d-46ee-b920-2f7a4c461df6","targetObjectKind":"siriusComponents://semantic?domain=sysml&entity=PortUsage","targetObjectLabel":"port2","descriptionId":"siriusComponents://nodeDescription?sourceKind=view&sourceId=74c5d045-51d7-359f-9634-611d0f1bef3d&sourceElementId=de70405c-a973-3bca-88a6-c6829548952d","borderNode":true,"modifiers":[],"state":"Normal","collapsingState":"EXPANDED","insideLabel":null,"outsideLabels":[{"id":"901a421d-93bf-32d6-864a-a44e241839bf","text":"port2","outsideLabelLocation":"BOTTOM_MIDDLE","style":{"color":"#000000","fontSize":12,"bold":false,"italic":false,"underline":false,"strikeThrough":false,"iconURL":[],"background":"transparent","borderColor":"black","borderSize":0,"borderRadius":3,"borderStyle":"Solid","maxWidth":null},"overflowStrategy":"NONE","textAlign":"LEFT"}],"style":{"background":"#ffffff","borderColor":"#000000","borderSize":1,"borderRadius":0,"borderStyle":"Solid"},"childrenLayoutStrategy":null,"borderNodes":[],"childNodes":[],"defaultWidth":10,"defaultHeight":10,"labelEditable":true,"pinned":false}],"childNodes":[{"id":"85a7c390-4e2c-3dff-aa8b-3336f84f2daa","type":"node:rectangle","targetObjectId":"52fa101f-cc71-40c5-a887-2eaf2e2a26d6","targetObjectKind":"siriusComponents://semantic?domain=sysml&entity=PartUsage","targetObjectLabel":"data_payload","descriptionId":"siriusComponents://nodeDescription?sourceKind=view&sourceId=74c5d045-51d7-359f-9634-611d0f1bef3d&sourceElementId=9f871f18-dbda-3798-8e28-094acfae6a2d","borderNode":false,"modifiers":["Hidden"],"state":"Hidden","collapsingState":"EXPANDED","insideLabel":{"id":"531bd915-c063-328d-ba20-c2d5fc342297","text":"doc","insideLabelLocation":"TOP_CENTER","style":{"color":"#000000","fontSize":12,"bold":false,"italic":true,"underline":false,"strikeThrough":false,"iconURL":[],"background":"transparent","borderColor":"black","borderSize":0,"borderRadius":3,"borderStyle":"Solid","maxWidth":null},"isHeader":true,"headerSeparatorDisplayMode":"NEVER","overflowStrategy":"NONE","textAlign":"CENTER"},"outsideLabels":[],"style":{"background":"transparent","borderColor":"#000000","borderSize":1,"borderRadius":0,"borderStyle":"Solid"},"childrenLayoutStrategy":{"areChildNodesDraggable":true,"topGap":0,"bottomGap":10,"growableNodeIds":[],"kind":"List"},"borderNodes":[],"childNodes":[],"defaultWidth":125,"defaultHeight":60,"labelEditable":false,"pinned":false},{"id":"52da216e-1335-3600-ae31-de288c89f24c","type":"node:rectangle","targetObjectId":"52fa101f-cc71-40c5-a887-2eaf2e2a26d6","targetObjectKind":"siriusComponents://semantic?domain=sysml&entity=PartUsage","targetObjectLabel":"data_payload","descriptionId":"siriusComponents://nodeDescription?sourceKind=view&sourceId=74c5d045-51d7-359f-9634-611d0f1bef3d&sourceElementId=85d2283f-c727-34f0-ba1b-695e544d15a7","borderNode":false,"modifiers":["Hidden"],"state":"Hidden","collapsingState":"EXPANDED","insideLabel":{"id":"422a4f25-1c04-32af-9776-244900ef1646","text":"attributes","insideLabelLocation":"TOP_CENTER","style":{"color":"#000000","fontSize":12,"bold":false,"italic":true,"underline":false,"strikeThrough":false,"iconURL":[],"background":"transparent","borderColor":"black","borderSize":0,"borderRadius":3,"borderStyle":"Solid","maxWidth":null},"isHeader":true,"headerSeparatorDisplayMode":"NEVER","overflowStrategy":"NONE","textAlign":"CENTER"},"outsideLabels":[],"style":{"background":"transparent","borderColor":"#000000","borderSize":1,"borderRadius":0,"borderStyle":"Solid"},"childrenLayoutStrategy":{"areChildNodesDraggable":true,"topGap":0,"bottomGap":10,"growableNodeIds":[],"kind":"List"},"borderNodes":[],"childNodes":[],"defaultWidth":125,"defaultHeight":60,"labelEditable":false,"pinned":false},{"id":"970f0bf4-17b5-32db-ab96-43a7db1d170d","type":"node:rectangle","targetObjectId":"52fa101f-cc71-40c5-a887-2eaf2e2a26d6","targetObjectKind":"siriusComponents://semantic?domain=sysml&entity=PartUsage","targetObjectLabel":"data_payload","descriptionId":"siriusComponents://nodeDescription?sourceKind=view&sourceId=74c5d045-51d7-359f-9634-611d0f1bef3d&sourceElementId=a77b4c6c-526d-3fe4-822b-de505f743123","borderNode":false,"modifiers":["Hidden"],"state":"Hidden","collapsingState":"EXPANDED","insideLabel":{"id":"07b66559-6a86-3002-b44a-d44edd9aea13","text":"parts","insideLabelLocation":"TOP_CENTER","style":{"color":"#000000","fontSize":12,"bold":false,"italic":true,"underline":false,"strikeThrough":false,"iconURL":[],"background":"transparent","borderColor":"black","borderSize":0,"borderRadius":3,"borderStyle":"Solid","maxWidth":null},"isHeader":true,"headerSeparatorDisplayMode":"NEVER","overflowStrategy":"NONE","textAlign":"CENTER"},"outsideLabels":[],"style":{"background":"transparent","borderColor":"#000000","borderSize":1,"borderRadius":0,"borderStyle":"Solid"},"childrenLayoutStrategy":{"kind":"FreeForm"},"borderNodes":[],"childNodes":[],"defaultWidth":125,"defaultHeight":150,"labelEditable":false,"pinned":false}],"defaultWidth":150,"defaultHeight":60,"labelEditable":true,"pinned":false},{"id":"614b40ba-ca60-3903-bc1f-aeb16fa399d4","type":"node:rectangle","targetObjectId":"c0ba67d2-cc29-4a70-96f1-b4a0d269f27c","targetObjectKind":"siriusComponents://semantic?domain=sysml&entity=PartUsage","targetObjectLabel":"farmer","descriptionId":"siriusComponents://nodeDescription?sourceKind=view&sourceId=74c5d045-51d7-359f-9634-611d0f1bef3d&sourceElementId=700133eb-7806-3dce-98d2-9ec37d212aaa","borderNode":false,"modifiers":[],"state":"Normal","collapsingState":"EXPANDED","insideLabel":{"id":"b30a3ed9-cc8b-33e6-8e3e-01ae4ff2339d","text":"«part»\n<stakeholder> farmer : farmer","insideLabelLocation":"TOP_CENTER","style":{"color":"#000000","fontSize":14,"bold":false,"italic":false,"underline":false,"strikeThrough":false,"iconURL":["/icons/full/obj16/PartUsage.svg"],"background":"transparent","borderColor":"black","borderSize":0,"borderRadius":3,"borderStyle":"Solid","maxWidth":null},"isHeader":true,"headerSeparatorDisplayMode":"IF_CHILDREN","overflowStrategy":"NONE","textAlign":"CENTER"},"outsideLabels":[],"style":{"background":"#ffffff","borderColor":"#000000","borderSize":1,"borderRadius":10,"borderStyle":"Solid"},"childrenLayoutStrategy":{"areChildNodesDraggable":false,"topGap":0,"bottomGap":0,"growableNodeIds":["siriusComponents://nodeDescription?sourceKind=view&sourceId=74c5d045-51d7-359f-9634-611d0f1bef3d&sourceElementId=a77b4c6c-526d-3fe4-822b-de505f743123"],"kind":"List"},"borderNodes":[{"id":"e972d566-c6d5-3e93-9106-6a4f292b206b","type":"node:rectangle","targetObjectId":"dbf4adc4-cbd7-4ca7-b5c9-fee5a8b5e2a7","targetObjectKind":"siriusComponents://semantic?domain=sysml&entity=PortUsage","targetObjectLabel":"port1","descriptionId":"siriusComponents://nodeDescription?sourceKind=view&sourceId=74c5d045-51d7-359f-9634-611d0f1bef3d&sourceElementId=de70405c-a973-3bca-88a6-c6829548952d","borderNode":true,"modifiers":[],"state":"Normal","collapsingState":"EXPANDED","insideLabel":null,"outsideLabels":[{"id":"1ef5b8a9-67dd-3f60-a631-3a73f17f1de9","text":"port1","outsideLabelLocation":"BOTTOM_MIDDLE","style":{"color":"#000000","fontSize":12,"bold":false,"italic":false,"underline":false,"strikeThrough":false,"iconURL":[],"background":"transparent","borderColor":"black","borderSize":0,"borderRadius":3,"borderStyle":"Solid","maxWidth":null},"overflowStrategy":"NONE","textAlign":"LEFT"}],"style":{"background":"#ffffff","borderColor":"#000000","borderSize":1,"borderRadius":0,"borderStyle":"Solid"},"childrenLayoutStrategy":null,"borderNodes":[],"childNodes":[],"defaultWidth":10,"defaultHeight":10,"labelEditable":true,"pinned":false},{"id":"3c5b41e3-3c83-3e08-b4eb-4ccc07a5e9e2","type":"node:rectangle","targetObjectId":"cb435423-738e-4f05-993f-a3f3b4e9a37a","targetObjectKind":"siriusComponents://semantic?domain=sysml&entity=PortUsage","targetObjectLabel":"port2","descriptionId":"siriusComponents://nodeDescription?sourceKind=view&sourceId=74c5d045-51d7-359f-9634-611d0f1bef3d&sourceElementId=de70405c-a973-3bca-88a6-c6829548952d","borderNode":true,"modifiers":[],"state":"Normal","collapsingState":"EXPANDED","insideLabel":null,"outsideLabels":[{"id":"8ac8bc34-3426-3548-80bc-b9b45760ec11","text":"port2","outsideLabelLocation":"BOTTOM_MIDDLE","style":{"color":"#000000","fontSize":12,"bold":false,"italic":false,"underline":false,"strikeThrough":false,"iconURL":[],"background":"transparent","borderColor":"black","borderSize":0,"borderRadius":3,"borderStyle":"Solid","maxWidth":null},"overflowStrategy":"NONE","textAlign":"LEFT"}],"style":{"background":"#ffffff","borderColor":"#000000","borderSize":1,"borderRadius":0,"borderStyle":"Solid"},"childrenLayoutStrategy":null,"borderNodes":[],"childNodes":[],"defaultWidth":10,"defaultHeight":10,"labelEditable":true,"pinned":false}],"childNodes":[{"id":"ac6e2e27-d9c5-3d6c-a0f9-33e5b543f815","type":"node:rectangle","targetObjectId":"c0ba67d2-cc29-4a70-96f1-b4a0d269f27c","targetObjectKind":"siriusComponents://semantic?domain=sysml&entity=PartUsage","targetObjectLabel":"farmer","descriptionId":"siriusComponents://nodeDescription?sourceKind=view&sourceId=74c5d045-51d7-359f-9634-611d0f1bef3d&sourceElementId=9f871f18-dbda-3798-8e28-094acfae6a2d","borderNode":false,"modifiers":["Hidden"],"state":"Hidden","collapsingState":"EXPANDED","insideLabel":{"id":"e892f147-f44f-348c-8eb4-e46cc1285dc1","text":"doc","insideLabelLocation":"TOP_CENTER","style":{"color":"#000000","fontSize":12,"bold":false,"italic":true,"underline":false,"strikeThrough":false,"iconURL":[],"background":"transparent","borderColor":"black","borderSize":0,"borderRadius":3,"borderStyle":"Solid","maxWidth":null},"isHeader":true,"headerSeparatorDisplayMode":"NEVER","overflowStrategy":"NONE","textAlign":"CENTER"},"outsideLabels":[],"style":{"background":"transparent","borderColor":"#000000","borderSize":1,"borderRadius":0,"borderStyle":"Solid"},"childrenLayoutStrategy":{"areChildNodesDraggable":true,"topGap":0,"bottomGap":10,"growableNodeIds":[],"kind":"List"},"borderNodes":[],"childNodes":[],"defaultWidth":125,"defaultHeight":60,"labelEditable":false,"pinned":false},{"id":"4fb5e748-db28-39f1-a034-7774785ff069","type":"node:rectangle","targetObjectId":"c0ba67d2-cc29-4a70-96f1-b4a0d269f27c","targetObjectKind":"siriusComponents://semantic?domain=sysml&entity=PartUsage","targetObjectLabel":"farmer","descriptionId":"siriusComponents://nodeDescription?sourceKind=view&sourceId=74c5d045-51d7-359f-9634-611d0f1bef3d&sourceElementId=85d2283f-c727-34f0-ba1b-695e544d15a7","borderNode":false,"modifiers":["Hidden"],"state":"Hidden","collapsingState":"EXPANDED","insideLabel":{"id":"a2f61814-6d90-3066-a047-51fc39fb1e38","text":"attributes","insideLabelLocation":"TOP_CENTER","style":{"color":"#000000","fontSize":12,"bold":false,"italic":true,"underline":false,"strikeThrough":false,"iconURL":[],"background":"transparent","borderColor":"black","borderSize":0,"borderRadius":3,"borderStyle":"Solid","maxWidth":null},"isHeader":true,"headerSeparatorDisplayMode":"NEVER","overflowStrategy":"NONE","textAlign":"CENTER"},"outsideLabels":[],"style":{"background":"transparent","borderColor":"#000000","borderSize":1,"borderRadius":0,"borderStyle":"Solid"},"childrenLayoutStrategy":{"areChildNodesDraggable":true,"topGap":0,"bottomGap":10,"growableNodeIds":[],"kind":"List"},"borderNodes":[],"childNodes":[],"defaultWidth":125,"defaultHeight":60,"labelEditable":false,"pinned":false},{"id":"bb95738d-9055-3e53-8398-488681eb2b81","type":"node:rectangle","targetObjectId":"c0ba67d2-cc29-4a70-96f1-b4a0d269f27c","targetObjectKind":"siriusComponents://semantic?domain=sysml&entity=PartUsage","targetObjectLabel":"farmer","descriptionId":"siriusComponents://nodeDescription?sourceKind=view&sourceId=74c5d045-51d7-359f-9634-611d0f1bef3d&sourceElementId=a77b4c6c-526d-3fe4-822b-de505f743123","borderNode":false,"modifiers":["Hidden"],"state":"Hidden","collapsingState":"EXPANDED","insideLabel":{"id":"0adb824c-6c19-3c77-8a91-f9f6f2851b12","text":"parts","insideLabelLocation":"TOP_CENTER","style":{"color":"#000000","fontSize":12,"bold":false,"italic":true,"underline":false,"strikeThrough":false,"iconURL":[],"background":"transparent","borderColor":"black","borderSize":0,"borderRadius":3,"borderStyle":"Solid","maxWidth":null},"isHeader":true,"headerSeparatorDisplayMode":"NEVER","overflowStrategy":"NONE","textAlign":"CENTER"},"outsideLabels":[],"style":{"background":"transparent","borderColor":"#000000","borderSize":1,"borderRadius":0,"borderStyle":"Solid"},"childrenLayoutStrategy":{"kind":"FreeForm"},"borderNodes":[],"childNodes":[],"defaultWidth":125,"defaultHeight":150,"labelEditable":false,"pinned":false}],"defaultWidth":150,"defaultHeight":60,"labelEditable":true,"pinned":false},{"id":"f0feb51d-1d15-3283-9f4d-870ace855c4c","type":"node:rectangle","targetObjectId":"1952558c-64d1-46cd-ab00-c8de4860ae4d","targetObjectKind":"siriusComponents://semantic?domain=sysml&entity=PartUsage","targetObjectLabel":"propulsion","descriptionId":"siriusComponents://nodeDescription?sourceKind=view&sourceId=74c5d045-51d7-359f-9634-611d0f1bef3d&sourceElementId=700133eb-7806-3dce-98d2-9ec37d212aaa","borderNode":false,"modifiers":[],"state":"Normal","collapsingState":"EXPANDED","insideLabel":{"id":"8d8760f1-2b63-3d4a-b64c-b5dd8a5d04ef","text":"«part»\npropulsion : Propulsion_System","insideLabelLocation":"TOP_CENTER","style":{"color":"#000000","fontSize":14,"bold":false,"italic":false,"underline":false,"strikeThrough":false,"iconURL":["/icons/full/obj16/PartUsage.svg"],"background":"transparent","borderColor":"black","borderSize":0,"borderRadius":3,"borderStyle":"Solid","maxWidth":null},"isHeader":true,"headerSeparatorDisplayMode":"IF_CHILDREN","overflowStrategy":"NONE","textAlign":"CENTER"},"outsideLabels":[],"style":{"background":"#ffffff","borderColor":"#000000","borderSize":1,"borderRadius":10,"borderStyle":"Solid"},"childrenLayoutStrategy":{"areChildNodesDraggable":false,"topGap":0,"bottomGap":0,"growableNodeIds":["siriusComponents://nodeDescription?sourceKind=view&sourceId=74c5d045-51d7-359f-9634-611d0f1bef3d&sourceElementId=a77b4c6c-526d-3fe4-822b-de505f743123"],"kind":"List"},"borderNodes":[{"id":"76cbfe11-7676-3a70-894a-bf266cd3cc29","type":"node:image","targetObjectId":"4be64561-b850-483e-89f3-9f5534bbff52","targetObjectKind":"siriusComponents://semantic?domain=sysml&entity=PortUsage","targetObjectLabel":"port1","descriptionId":"siriusComponents://nodeDescription?sourceKind=view&sourceId=74c5d045-51d7-359f-9634-611d0f1bef3d&sourceElementId=de70405c-a973-3bca-88a6-c6829548952d","borderNode":true,"modifiers":[],"state":"Normal","collapsingState":"EXPANDED","insideLabel":null,"outsideLabels":[{"id":"12701e9d-8e47-378b-84fd-df54ecfa98e7","text":"port1","outsideLabelLocation":"BOTTOM_MIDDLE","style":{"color":"#000000","fontSize":12,"bold":false,"italic":false,"underline":false,"strikeThrough":false,"iconURL":[],"background":"transparent","borderColor":"black","borderSize":0,"borderRadius":3,"borderStyle":"Solid","maxWidth":null},"overflowStrategy":"NONE","textAlign":"LEFT"}],"style":{"imageURL":"/images/Feature_Out.svg","scalingFactor":1,"borderColor":"#000000","borderSize":1,"borderRadius":0,"borderStyle":"Solid","positionDependentRotation":true},"childrenLayoutStrategy":null,"borderNodes":[],"childNodes":[],"defaultWidth":10,"defaultHeight":10,"labelEditable":true,"pinned":false},{"id":"aeda5f62-5aad-301c-ba4f-4f295606e7fe","type":"node:rectangle","targetObjectId":"4509ddbd-d765-4327-bd44-1194361f9038","targetObjectKind":"siriusComponents://semantic?domain=sysml&entity=PortUsage","targetObjectLabel":"port2","descriptionId":"siriusComponents://nodeDescription?sourceKind=view&sourceId=74c5d045-51d7-359f-9634-611d0f1bef3d&sourceElementId=de70405c-a973-3bca-88a6-c6829548952d","borderNode":true,"modifiers":[],"state":"Normal","collapsingState":"EXPANDED","insideLabel":null,"outsideLabels":[{"id":"1793efbe-c338-354f-b2bc-bc0915e3f39a","text":"port2","outsideLabelLocation":"BOTTOM_MIDDLE","style":{"color":"#000000","fontSize":12,"bold":false,"italic":false,"underline":false,"strikeThrough":false,"iconURL":[],"background":"transparent","borderColor":"black","borderSize":0,"borderRadius":3,"borderStyle":"Solid","maxWidth":null},"overflowStrategy":"NONE","textAlign":"LEFT"}],"style":{"background":"#ffffff","borderColor":"#000000","borderSize":1,"borderRadius":0,"borderStyle":"Solid"},"childrenLayoutStrategy":null,"borderNodes":[],"childNodes":[],"defaultWidth":10,"defaultHeight":10,"labelEditable":true,"pinned":false}],"childNodes":[{"id":"25697d96-2021-332d-9a45-adf9b8143940","type":"node:rectangle","targetObjectId":"1952558c-64d1-46cd-ab00-c8de4860ae4d","targetObjectKind":"siriusComponents://semantic?domain=sysml&entity=PartUsage","targetObjectLabel":"propulsion","descriptionId":"siriusComponents://nodeDescription?sourceKind=view&sourceId=74c5d045-51d7-359f-9634-611d0f1bef3d&sourceElementId=9f871f18-dbda-3798-8e28-094acfae6a2d","borderNode":false,"modifiers":["Hidden"],"state":"Hidden","collapsingState":"EXPANDED","insideLabel":{"id":"1cbeccb7-a2d9-3a34-a7b3-b1c0c504d0b1","text":"doc","insideLabelLocation":"TOP_CENTER","style":{"color":"#000000","fontSize":12,"bold":false,"italic":true,"underline":false,"strikeThrough":false,"iconURL":[],"background":"transparent","borderColor":"black","borderSize":0,"borderRadius":3,"borderStyle":"Solid","maxWidth":null},"isHeader":true,"headerSeparatorDisplayMode":"NEVER","overflowStrategy":"NONE","textAlign":"CENTER"},"outsideLabels":[],"style":{"background":"transparent","borderColor":"#000000","borderSize":1,"borderRadius":0,"borderStyle":"Solid"},"childrenLayoutStrategy":{"areChildNodesDraggable":true,"topGap":0,"bottomGap":10,"growableNodeIds":[],"kind":"List"},"borderNodes":[],"childNodes":[],"defaultWidth":125,"defaultHeight":60,"labelEditable":false,"pinned":false},{"id":"0a2b6f46-cf9e-3d9d-898b-aed7b9f93f49","type":"node:rectangle","targetObjectId":"1952558c-64d1-46cd-ab00-c8de4860ae4d","targetObjectKind":"siriusComponents://semantic?domain=sysml&entity=PartUsage","targetObjectLabel":"propulsion","descriptionId":"siriusComponents://nodeDescription?sourceKind=view&sourceId=74c5d045-51d7-359f-9634-611d0f1bef3d&sourceElementId=85d2283f-c727-34f0-ba1b-695e544d15a7","borderNode":false,"modifiers":["Hidden"],"state":"Hidden","collapsingState":"EXPANDED","insideLabel":{"id":"92b288ca-a04d-32ae-9adc-914fd0154d19","text":"attributes","insideLabelLocation":"TOP_CENTER","style":{"color":"#000000","fontSize":12,"bold":false,"italic":true,"underline":false,"strikeThrough":false,"iconURL":[],"background":"transparent","borderColor":"black","borderSize":0,"borderRadius":3,"borderStyle":"Solid","maxWidth":null},"isHeader":true,"headerSeparatorDisplayMode":"NEVER","overflowStrategy":"NONE","textAlign":"CENTER"},"outsideLabels":[],"style":{"background":"transparent","borderColor":"#000000","borderSize":1,"borderRadius":0,"borderStyle":"Solid"},"childrenLayoutStrategy":{"areChildNodesDraggable":true,"topGap":0,"bottomGap":10,"growableNodeIds":[],"kind":"List"},"borderNodes":[],"childNodes":[],"defaultWidth":125,"defaultHeight":60,"labelEditable":false,"pinned":false},{"id":"2d7820c6-2d6b-3bc7-a69f-827f6e4580bb","type":"node:rectangle","targetObjectId":"1952558c-64d1-46cd-ab00-c8de4860ae4d","targetObjectKind":"siriusComponents://semantic?domain=sysml&entity=PartUsage","targetObjectLabel":"propulsion","descriptionId":"siriusComponents://nodeDescription?sourceKind=view&sourceId=74c5d045-51d7-359f-9634-611d0f1bef3d&sourceElementId=a77b4c6c-526d-3fe4-822b-de505f743123","borderNode":false,"modifiers":["Hidden"],"state":"Hidden","collapsingState":"EXPANDED","insideLabel":{"id":"19c7d7a8-15aa-3f0d-b0fe-a12b2e6a9023","text":"parts","insideLabelLocation":"TOP_CENTER","style":{"color":"#000000","fontSize":12,"bold":false,"italic":true,"underline":false,"strikeThrough":false,"iconURL":[],"background":"transparent","borderColor":"black","borderSize":0,"borderRadius":3,"borderStyle":"Solid","maxWidth":null},"isHeader":true,"headerSeparatorDisplayMode":"NEVER","overflowStrategy":"NONE","textAlign":"CENTER"},"outsideLabels":[],"style":{"background":"transparent","borderColor":"#000000","borderSize":1,"borderRadius":0,"borderStyle":"Solid"},"childrenLayoutStrategy":{"kind":"FreeForm"},"borderNodes":[],"childNodes":[],"defaultWidth":125,"defaultHeight":150,"labelEditable":false,"pinned":false}],"defaultWidth":150,"defaultHeight":60,"labelEditable":true,"pinned":false}],"defaultWidth":700,"defaultHeight":400,"labelEditable":true,"pinned":false}],"edges":[{"id":"f0375d0f-b0a4-30d3-a5a1-138c996b88ba","type":"edge:straight","targetObjectId":"d1c2b032-2eee-451f-84c4-eea115160b50","targetObjectKind":"siriusComponents://semantic?domain=sysml&entity=InterfaceUsage","targetObjectLabel":"","descriptionId":"siriusComponents://edgeDescription?sourceKind=view&sourceId=74c5d045-51d7-359f-9634-611d0f1bef3d&sourceElementId=7db99014-f420-3870-a82d-e89fe629a555","beginLabel":null,"centerLabel":{"id":"7c77e98f-2a54-3f59-a699-92c2e17cdfee","type":"label:edge-center","text":"","style":{"color":"#000000","fontSize":14,"bold":false,"italic":false,"underline":false,"strikeThrough":false,"iconURL":[],"background":"transparent","borderColor":"black","borderSize":0,"borderRadius":3,"borderStyle":"Solid","maxWidth":null}},"endLabel":null,"sourceId":"84eaf214-0314-3c47-8cad-27d4e7056dab","targetId":"82d9bb60-2bd7-35a6-a6b2-dba96fc315d7","modifiers":[],"state":"Normal","style":{"size":1,"lineStyle":"Solid","sourceArrow":"None","targetArrow":"None","color":"#000000"},"centerLabelEditable":true},{"id":"c9ae40c2-1ef0-3d51-9c7a-8e691c72ff62","type":"edge:straight","targetObjectId":"0bae861b-74d5-471d-a53a-39758db3e9e8","targetObjectKind":"siriusComponents://semantic?domain=sysml&entity=InterfaceUsage","targetObjectLabel":"Soil, humanity, temperature Data","descriptionId":"siriusComponents://edgeDescription?sourceKind=view&sourceId=74c5d045-51d7-359f-9634-611d0f1bef3d&sourceElementId=7db99014-f420-3870-a82d-e89fe629a555","beginLabel":null,"centerLabel":{"id":"7a3d8083-d439-3a67-9b4b-6f19b2a23cd6","type":"label:edge-center","text":"Soil, humanity, temperature Data","style":{"color":"#000000","fontSize":14,"bold":false,"italic":false,"underline":false,"strikeThrough":false,"iconURL":[],"background":"transparent","borderColor":"black","borderSize":0,"borderRadius":3,"borderStyle":"Solid","maxWidth":null}},"endLabel":null,"sourceId":"0fc0395c-ca2f-3b2e-98cd-7e3d8840f295","targetId":"545c8a07-50c0-3939-b4ee-19e955c027e3","modifiers":[],"state":"Normal","style":{"size":1,"lineStyle":"Solid","sourceArrow":"None","targetArrow":"None","color":"#000000"},"centerLabelEditable":true},{"id":"3d935c1d-16b7-3356-9cd7-084f4d0b7df4","type":"edge:straight","targetObjectId":"d6ebf329-812a-441d-83c0-c61540f65bbf","targetObjectKind":"siriusComponents://semantic?domain=sysml&entity=InterfaceUsage","targetObjectLabel":"","descriptionId":"siriusComponents://edgeDescription?sourceKind=view&sourceId=74c5d045-51d7-359f-9634-611d0f1bef3d&sourceElementId=7db99014-f420-3870-a82d-e89fe629a555","beginLabel":null,"centerLabel":{"id":"6219d04c-b80c-3113-986f-0b7d534680da","type":"label:edge-center","text":"","style":{"color":"#000000","fontSize":14,"bold":false,"italic":false,"underline":false,"strikeThrough":false,"iconURL":[],"background":"transparent","borderColor":"black","borderSize":0,"borderRadius":3,"borderStyle":"Solid","maxWidth":null}},"endLabel":null,"sourceId":"f0c15de8-4500-3ae0-824d-c56e5a9473c4","targetId":"c5bcc572-b9be-37ff-9870-914addc76a0f","modifiers":[],"state":"Normal","style":{"size":1,"lineStyle":"Solid","sourceArrow":"None","targetArrow":"None","color":"#000000"},"centerLabelEditable":true},{"id":"2ffadca3-22f9-30dc-8a68-88191f9cf585","type":"edge:straight","targetObjectId":"cfb69531-aeef-4521-b05b-d0fdcf95e2af","targetObjectKind":"siriusComponents://semantic?domain=sysml&entity=InterfaceUsage","targetObjectLabel":"","descriptionId":"siriusComponents://edgeDescription?sourceKind=view&sourceId=74c5d045-51d7-359f-9634-611d0f1bef3d&sourceElementId=7db99014-f420-3870-a82d-e89fe629a555","beginLabel":null,"centerLabel":{"id":"e46338d6-ec73-36fd-a840-a74af39b67d2","type":"label:edge-center","text":"","style":{"color":"#000000","fontSize":14,"bold":false,"italic":false,"underline":false,"strikeThrough":false,"iconURL":[],"background":"transparent","borderColor":"black","borderSize":0,"borderRadius":3,"borderStyle":"Solid","maxWidth":null}},"endLabel":null,"sourceId":"0c302ce2-c839-3e8c-badf-d31f2fc7beba","targetId":"44af7880-ec01-3f97-9af2-a5d2eaf6f40b","modifiers":[],"state":"Normal","style":{"size":1,"lineStyle":"Solid","sourceArrow":"None","targetArrow":"None","color":"#000000"},"centerLabelEditable":true},{"id":"111e72cb-6872-39ef-a61b-710af4a358ef","type":"edge:straight","targetObjectId":"4a5e0357-b59f-49f7-9512-898bef8de40f","targetObjectKind":"siriusComponents://semantic?domain=sysml&entity=InterfaceUsage","targetObjectLabel":"Initiate mission using UI","descriptionId":"siriusComponents://edgeDescription?sourceKind=view&sourceId=74c5d045-51d7-359f-9634-611d0f1bef3d&sourceElementId=7db99014-f420-3870-a82d-e89fe629a555","beginLabel":null,"centerLabel":{"id":"852118fa-68ac-3a78-bd90-9c363afa59c5","type":"label:edge-center","text":"Initiate mission using UI","style":{"color":"#000000","fontSize":14,"bold":false,"italic":false,"underline":false,"strikeThrough":false,"iconURL":[],"background":"transparent","borderColor":"black","borderSize":0,"borderRadius":3,"borderStyle":"Solid","maxWidth":null}},"endLabel":null,"sourceId":"e972d566-c6d5-3e93-9106-6a4f292b206b","targetId":"53551872-64a1-391e-9720-cdf2b9bbc17a","modifiers":[],"state":"Normal","style":{"size":1,"lineStyle":"Solid","sourceArrow":"None","targetArrow":"None","color":"#000000"},"centerLabelEditable":true},{"id":"d6e9da3d-d58e-3e3b-8192-87cc0cc9a45a","type":"edge:straight","targetObjectId":"b7ce9e92-34ef-4489-9c77-1c30743d0d60","targetObjectKind":"siriusComponents://semantic?domain=sysml&entity=InterfaceUsage","targetObjectLabel":"","descriptionId":"siriusComponents://edgeDescription?sourceKind=view&sourceId=74c5d045-51d7-359f-9634-611d0f1bef3d&sourceElementId=7db99014-f420-3870-a82d-e89fe629a555","beginLabel":null,"centerLabel":{"id":"1a935981-9c58-3326-ac20-eb259ec69661","type":"label:edge-center","text":"","style":{"color":"#000000","fontSize":14,"bold":false,"italic":false,"underline":false,"strikeThrough":false,"iconURL":[],"background":"transparent","borderColor":"black","borderSize":0,"borderRadius":3,"borderStyle":"Solid","maxWidth":null}},"endLabel":null,"sourceId":"76cbfe11-7676-3a70-894a-bf266cd3cc29","targetId":"c219ac59-d627-35ca-b63d-71ba6d97a8f3","modifiers":[],"state":"Normal","style":{"size":1,"lineStyle":"Solid","sourceArrow":"None","targetArrow":"None","color":"#000000"},"centerLabelEditable":true},{"id":"95237e8d-8dc1-3b5d-a088-329fe0991133","type":"edge:straight","targetObjectId":"2f5dee3d-f548-4b01-81c6-3ca1b3d61a93","targetObjectKind":"siriusComponents://semantic?domain=sysml&entity=InterfaceUsage","targetObjectLabel":"","descriptionId":"siriusComponents://edgeDescription?sourceKind=view&sourceId=74c5d045-51d7-359f-9634-611d0f1bef3d&sourceElementId=7db99014-f420-3870-a82d-e89fe629a555","beginLabel":null,"centerLabel":{"id":"1f38c6c3-2b46-365a-bb42-d5f10e9d9005","type":"label:edge-center","text":"","style":{"color":"#000000","fontSize":14,"bold":false,"italic":false,"underline":false,"strikeThrough":false,"iconURL":[],"background":"transparent","borderColor":"black","borderSize":0,"borderRadius":3,"borderStyle":"Solid","maxWidth":null}},"endLabel":null,"sourceId":"ef083c2c-efa9-3e1e-b699-b51b480bbad8","targetId":"8fea66e4-2045-3137-8314-dfd4d107b772","modifiers":[],"state":"Normal","style":{"size":1,"lineStyle":"Solid","sourceArrow":"None","targetArrow":"None","color":"#000000"},"centerLabelEditable":true},{"id":"fccc9697-b86b-3fe3-b58a-68672da53811","type":"edge:straight","targetObjectId":"52bafac7-432f-4da1-8297-fdfa40848572","targetObjectKind":"siriusComponents://semantic?domain=sysml&entity=InterfaceUsage","targetObjectLabel":"","descriptionId":"siriusComponents://edgeDescription?sourceKind=view&sourceId=74c5d045-51d7-359f-9634-611d0f1bef3d&sourceElementId=7db99014-f420-3870-a82d-e89fe629a555","beginLabel":null,"centerLabel":{"id":"457887da-1e4d-357b-8797-dd6585cbb715","type":"label:edge-center","text":"","style":{"color":"#000000","fontSize":14,"bold":false,"italic":false,"underline":false,"strikeThrough":false,"iconURL":[],"background":"transparent","borderColor":"black","borderSize":0,"borderRadius":3,"borderStyle":"Solid","maxWidth":null}},"endLabel":null,"sourceId":"aeda5f62-5aad-301c-ba4f-4f295606e7fe","targetId":"ddb0375d-9859-3185-bbcb-c1c9040699a0","modifiers":[],"state":"Normal","style":{"size":1,"lineStyle":"Solid","sourceArrow":"None","targetArrow":"None","color":"#000000"},"centerLabelEditable":true},{"id":"3846dfff-6b76-39e7-9064-84645fab2b3b","type":"edge:straight","targetObjectId":"c1f32e44-f1ed-4710-92b2-cbe172b73a88","targetObjectKind":"siriusComponents://semantic?domain=sysml&entity=InterfaceUsage","targetObjectLabel":"","descriptionId":"siriusComponents://edgeDescription?sourceKind=view&sourceId=74c5d045-51d7-359f-9634-611d0f1bef3d&sourceElementId=7db99014-f420-3870-a82d-e89fe629a555","beginLabel":null,"centerLabel":{"id":"41807345-39b5-3651-8f83-136938d3b106","type":"label:edge-center","text":"","style":{"color":"#000000","fontSize":14,"bold":false,"italic":false,"underline":false,"strikeThrough":false,"iconURL":[],"background":"transparent","borderColor":"black","borderSize":0,"borderRadius":3,"borderStyle":"Solid","maxWidth":null}},"endLabel":null,"sourceId":"35d82909-de4b-3145-90b7-423bbd6589fc","targetId":"3e161506-6d3e-3d30-952e-b5f45539c2d5","modifiers":[],"state":"Normal","style":{"size":1,"lineStyle":"Solid","sourceArrow":"None","targetArrow":"None","color":"#000000"},"centerLabelEditable":true},{"id":"d276fc84-69f8-3f91-a363-600bf1b2c25c","type":"edge:straight","targetObjectId":"9595a94e-535d-4849-bb71-f28dbae21f3f","targetObjectKind":"siriusComponents://semantic?domain=sysml&entity=InterfaceUsage","targetObjectLabel":"","descriptionId":"siriusComponents://edgeDescription?sourceKind=view&sourceId=74c5d045-51d7-359f-9634-611d0f1bef3d&sourceElementId=7db99014-f420-3870-a82d-e89fe629a555","beginLabel":null,"centerLabel":{"id":"f5c03774-6e02-3aa7-be51-e035f0eed05d","type":"label:edge-center","text":"","style":{"color":"#000000","fontSize":14,"bold":false,"italic":false,"underline":false,"strikeThrough":false,"iconURL":[],"background":"transparent","borderColor":"black","borderSize":0,"borderRadius":3,"borderStyle":"Solid","maxWidth":null}},"endLabel":null,"sourceId":"ddff57dc-8d40-34b4-b802-db14d50436e3","targetId":"ec5ed677-797e-3e46-b94d-5c1542f40177","modifiers":[],"state":"Normal","style":{"size":1,"lineStyle":"Solid","sourceArrow":"None","targetArrow":"None","color":"#000000"},"centerLabelEditable":true},{"id":"36b9595b-376d-339d-b782-06806b5dbe24","type":"edge:straight","targetObjectId":"2c37d0b5-262d-4a4e-82d1-265580fe11b7","targetObjectKind":"siriusComponents://semantic?domain=sysml&entity=InterfaceUsage","targetObjectLabel":"","descriptionId":"siriusComponents://edgeDescription?sourceKind=view&sourceId=74c5d045-51d7-359f-9634-611d0f1bef3d&sourceElementId=7db99014-f420-3870-a82d-e89fe629a555","beginLabel":null,"centerLabel":{"id":"5ceac3b1-2206-3a21-95b0-d6a35657c627","type":"label:edge-center","text":"","style":{"color":"#000000","fontSize":14,"bold":false,"italic":false,"underline":false,"strikeThrough":false,"iconURL":[],"background":"transparent","borderColor":"black","borderSize":0,"borderRadius":3,"borderStyle":"Solid","maxWidth":null}},"endLabel":null,"sourceId":"3c5b41e3-3c83-3e08-b4eb-4ccc07a5e9e2","targetId":"899ac227-8077-314f-b6b8-f2559a8cee14","modifiers":[],"state":"Normal","style":{"size":1,"lineStyle":"Solid","sourceArrow":"None","targetArrow":"None","color":"#000000"},"centerLabelEditable":true}],"layoutData":{"nodeLayoutData":{"f0c15de8-4500-3ae0-824d-c56e5a9473c4":{"id":"f0c15de8-4500-3ae0-824d-c56e5a9473c4","position":{"x":373.2499938964844,"y":44.0},"size":{"width":16.0,"height":16.0},"resizedByUser":false},"35d82909-de4b-3145-90b7-423bbd6589fc":{"id":"35d82909-de4b-3145-90b7-423bbd6589fc","position":{"x":8.0,"y":-11.0},"size":{"width":16.0,"height":16.0},"resizedByUser":false},"aeda5f62-5aad-301c-ba4f-4f295606e7fe":{"id":"aeda5f62-5aad-301c-ba4f-4f295606e7fe","position":{"x":255.05001220703127,"y":44.0},"size":{"width":16.0,"height":16.0},"resizedByUser":false},"1f3ae19a-3892-3bbc-acce-738cc565bfd1":{"id":"1f3ae19a-3892-3bbc-acce-738cc565bfd1","position":{"x":12.0,"y":443.9905392818785},"size":{"width":211.48333129882812,"height":147.19998168945312},"resizedByUser":false},"0a2b6f46-cf9e-3d9d-898b-aed7b9f93f49":{"id":"0a2b6f46-cf9e-3d9d-898b-aed7b9f93f49","position":{"x":0.0,"y":0.0},"size":{"width":125.0,"height":60.0},"resizedByUser":false},"76cbfe11-7676-3a70-894a-bf266cd3cc29":{"id":"76cbfe11-7676-3a70-894a-bf266cd3cc29","position":{"x":255.05001220703127,"y":8.0},"size":{"width":16.0,"height":16.0},"resizedByUser":false},"3c5b41e3-3c83-3e08-b4eb-4ccc07a5e9e2":{"id":"3c5b41e3-3c83-3e08-b4eb-4ccc07a5e9e2","position":{"x":243.23333129882812,"y":8.0},"size":{"width":16.0,"height":16.0},"resizedByUser":false},"84eaf214-0314-3c47-8cad-27d4e7056dab":{"id":"84eaf214-0314-3c47-8cad-27d4e7056dab","position":{"x":332.6333251953125,"y":8.0},"size":{"width":16.0,"height":16.0},"resizedByUser":false},"01931b56-f3ca-3702-b8c6-20d579ecd2e0":{"id":"01931b56-f3ca-3702-b8c6-20d579ecd2e0","position":{"x":0.0,"y":0.0},"size":{"width":125.0,"height":150.0},"resizedByUser":false},"e1ffda84-699f-3d46-9347-ab68e364bc3d":{"id":"e1ffda84-699f-3d46-9347-ab68e364bc3d","position":{"x":0.0,"y":0.0},"size":{"width":125.0,"height":150.0},"resizedByUser":false},"0fc0395c-ca2f-3b2e-98cd-7e3d8840f295":{"id":"0fc0395c-ca2f-3b2e-98cd-7e3d8840f295","position":{"x":247.75000915527343,"y":8.0},"size":{"width":16.0,"height":16.0},"resizedByUser":false},"3189dcc5-5c6d-3bb3-b337-8f592e5b7b4c":{"id":"3189dcc5-5c6d-3bb3-b337-8f592e5b7b4c","position":{"x":0.0,"y":0.0},"size":{"width":125.0,"height":60.0},"resizedByUser":false},"bb95738d-9055-3e53-8398-488681eb2b81":{"id":"bb95738d-9055-3e53-8398-488681eb2b81","position":{"x":0.0,"y":0.0},"size":{"width":125.0,"height":150.0},"resizedByUser":false},"e972d566-c6d5-3e93-9106-6a4f292b206b":{"id":"e972d566-c6d5-3e93-9106-6a4f292b206b","position":{"x":-11.0,"y":8.0},"size":{"width":16.0,"height":16.0},"resizedByUser":false},"52da216e-1335-3600-ae31-de288c89f24c":{"id":"52da216e-1335-3600-ae31-de288c89f24c","position":{"x":0.0,"y":0.0},"size":{"width":125.0,"height":60.0},"resizedByUser":false},"3e161506-6d3e-3d30-952e-b5f45539c2d5":{"id":"3e161506-6d3e-3d30-952e-b5f45539c2d5","position":{"x":-11.0,"y":44.0},"size":{"width":16.0,"height":16.0},"resizedByUser":false},"614b40ba-ca60-3903-bc1f-aeb16fa399d4":{"id":"614b40ba-ca60-3903-bc1f-aeb16fa399d4","position":{"x":12.0,"y":61.59054538539412},"size":{"width":248.23333129882812,"height":60.0},"resizedByUser":false},"970f0bf4-17b5-32db-ab96-43a7db1d170d":{"id":"970f0bf4-17b5-32db-ab96-43a7db1d170d","position":{"x":0.0,"y":0.0},"size":{"width":125.0,"height":150.0},"resizedByUser":false},"75e9182a-7ac8-3174-96c4-d7f24e7e9d92":{"id":"75e9182a-7ac8-3174-96c4-d7f24e7e9d92","position":{"x":12.0,"y":301.59054538539414},"size":{"width":252.75000915527343,"height":96.79998779296875},"resizedByUser":false},"ddb0375d-9859-3185-bbcb-c1c9040699a0":{"id":"ddb0375d-9859-3185-bbcb-c1c9040699a0","position":{"x":-11.0,"y":116.0},"size":{"width":16.0,"height":16.0},"resizedByUser":false},"2d7820c6-2d6b-3bc7-a69f-827f6e4580bb":{"id":"2d7820c6-2d6b-3bc7-a69f-827f6e4580bb","position":{"x":0.0,"y":0.0},"size":{"width":125.0,"height":150.0},"resizedByUser":false},"cf903357-0a77-3dea-bf08-9782ce7e2856":{"id":"cf903357-0a77-3dea-bf08-9782ce7e2856","position":{"x":0.0,"y":0.0},"size":{"width":125.0,"height":150.0},"resizedByUser":false},"1a88979c-381b-32d9-9033-55bc7a72e29f":{"id":"1a88979c-381b-32d9-9033-55bc7a72e29f","position":{"x":12.0,"y":181.59054538539414},"size":{"width":337.6333251953125,"height":60.0},"resizedByUser":false},"ddff57dc-8d40-34b4-b802-db14d50436e3":{"id":"ddff57dc-8d40-34b4-b802-db14d50436e3","position":{"x":-11.0,"y":80.0},"size":{"width":16.0,"height":16.0},"resizedByUser":false},"c219ac59-d627-35ca-b63d-71ba6d97a8f3":{"id":"c219ac59-d627-35ca-b63d-71ba6d97a8f3","position":{"x":-11.0,"y":44.0},"size":{"width":16.0,"height":16.0},"resizedByUser":false},"4047b8e4-1fb6-371a-9f4b-a7c479246d5f":{"id":"4047b8e4-1fb6-371a-9f4b-a7c479246d5f","position":{"x":0.0,"y":0.0},"size":{"width":125.0,"height":60.0},"resizedByUser":false},"53551872-64a1-391e-9720-cdf2b9bbc17a":{"id":"53551872-64a1-391e-9720-cdf2b9bbc17a","position":{"x":-11.0,"y":8.0},"size":{"width":16.0,"height":16.0},"resizedByUser":false},"ef083c2c-efa9-3e1e-b699-b51b480bbad8":{"id":"ef083c2c-efa9-3e1e-b699-b51b480bbad8","position":{"x":247.75000915527343,"y":44.0},"size":{"width":16.0,"height":16.0},"resizedByUser":false},"8fea66e4-2045-3137-8314-dfd4d107b772":{"id":"8fea66e4-2045-3137-8314-dfd4d107b772","position":{"x":-11.0,"y":152.0},"size":{"width":16.0,"height":16.0},"resizedByUser":false},"25697d96-2021-332d-9a45-adf9b8143940":{"id":"25697d96-2021-332d-9a45-adf9b8143940","position":{"x":0.0,"y":0.0},"size":{"width":125.0,"height":60.0},"resizedByUser":false},"a895bfc7-7e3a-35c6-851e-3b8b79e2a28f":{"id":"a895bfc7-7e3a-35c6-851e-3b8b79e2a28f","position":{"x":0.0,"y":0.0},"size":{"width":125.0,"height":60.0},"resizedByUser":false},"82d9bb60-2bd7-35a6-a6b2-dba96fc315d7":{"id":"82d9bb60-2bd7-35a6-a6b2-dba96fc315d7","position":{"x":-11.0,"y":80.0},"size":{"width":16.0,"height":16.0},"resizedByUser":false},"44af7880-ec01-3f97-9af2-a5d2eaf6f40b":{"id":"44af7880-ec01-3f97-9af2-a5d2eaf6f40b","position":{"x":206.48333129882812,"y":8.0},"size":{"width":16.0,"height":16.0},"resizedByUser":false},"f0feb51d-1d15-3283-9f4d-870ace855c4c":{"id":"f0feb51d-1d15-3283-9f4d-870ace855c4c","position":{"x":417.93334248860674,"y":189.59054538539414},"size":{"width":260.0500122070313,"height":96.79998779296875},"resizedByUser":false},"899ac227-8077-314f-b6b8-f2559a8cee14":{"id":"899ac227-8077-314f-b6b8-f2559a8cee14","position":{"x":44.0,"y":-11.0},"size":{"width":16.0,"height":16.0},"resizedByUser":false},"4fb5e748-db28-39f1-a034-7774785ff069":{"id":"4fb5e748-db28-39f1-a034-7774785ff069","position":{"x":0.0,"y":0.0},"size":{"width":125.0,"height":60.0},"resizedByUser":false},"b1345316-5a8b-3212-979c-72d6ba27d499":{"id":"b1345316-5a8b-3212-979c-72d6ba27d499","position":{"x":0.0,"y":0.0},"size":{"width":125.0,"height":60.0},"resizedByUser":false},"0c302ce2-c839-3e8c-badf-d31f2fc7beba":{"id":"0c302ce2-c839-3e8c-badf-d31f2fc7beba","position":{"x":373.2499938964844,"y":80.0},"size":{"width":16.0,"height":16.0},"resizedByUser":false},"545c8a07-50c0-3939-b4ee-19e955c027e3":{"id":"545c8a07-50c0-3939-b4ee-19e955c027e3","position":{"x":373.2499938964844,"y":8.0},"size":{"width":16.0,"height":16.0},"resizedByUser":false},"ec5ed677-797e-3e46-b94d-5c1542f40177":{"id":"ec5ed677-797e-3e46-b94d-5c1542f40177","position":{"x":-11.0,"y":8.0},"size":{"width":16.0,"height":16.0},"resizedByUser":false},"ac6e2e27-d9c5-3d6c-a0f9-33e5b543f815":{"id":"ac6e2e27-d9c5-3d6c-a0f9-33e5b543f815","position":{"x":0.0,"y":0.0},"size":{"width":125.0,"height":60.0},"resizedByUser":false},"c5bcc572-b9be-37ff-9870-914addc76a0f":{"id":"c5bcc572-b9be-37ff-9870-914addc76a0f","position":{"x":8.0,"y":55.0},"size":{"width":16.0,"height":16.0},"resizedByUser":false},"85a7c390-4e2c-3dff-aa8b-3336f84f2daa":{"id":"85a7c390-4e2c-3dff-aa8b-3336f84f2daa","position":{"x":0.0,"y":0.0},"size":{"width":125.0,"height":60.0},"resizedByUser":false},"13270f96-2036-36c9-9ecd-bac15e1b463d":{"id":"13270f96-2036-36c9-9ecd-bac15e1b463d","position":{"x":0.0,"y":0.0},"size":{"width":125.0,"height":60.0},"resizedByUser":false},"de514956-cb1e-3c7c-91ff-7937aa4b436c":{"id":"de514956-cb1e-3c7c-91ff-7937aa4b436c","position":{"x":0.0,"y":0.0},"size":{"width":125.0,"height":60.0},"resizedByUser":false},"a6036e69-065d-3b7c-95ee-b819bd718615":{"id":"a6036e69-065d-3b7c-95ee-b819bd718615","position":{"x":12.0,"y":622.3905331783628},"size":{"width":378.2499938964844,"height":147.19998168945312},"resizedByUser":false},"35bd2505-8731-3eb4-95df-4876e53dda5c":{"id":"35bd2505-8731-3eb4-95df-4876e53dda5c","position":{"x":12.0,"y":12.0},"size":{"width":700.0,"height":777.590514867816},"resizedByUser":false}},"edgeLayoutData":{},"labelLayoutData":{}}}}