{"id":"3cb0535d-14f5-40a5-a52b-622a9886db84","projectId":"0f8b3b25-43bb-4a86-b07f-4db50814a839","descriptionId":"siriusComponents://representationDescription?kind=diagramDescription&sourceKind=view&sourceId=8dcd14b0-6259-3193-ad2c-743f394c68e4&sourceElementId=db495705-e917-319b-af55-a32ad63f4089","targetObjectId":"b3ad8bf4-938f-402a-a71e-97b605153483","label":"Req refine View","kind":"siriusComponents://representation?type=Diagram","representation":{"id":"3cb0535d-14f5-40a5-a52b-622a9886db84","kind":"siriusComponents://representation?type=Diagram","targetObjectId":"b3ad8bf4-938f-402a-a71e-97b605153483","descriptionId":"siriusComponents://representationDescription?kind=diagramDescription&sourceKind=view&sourceId=8dcd14b0-6259-3193-ad2c-743f394c68e4&sourceElementId=db495705-e917-319b-af55-a32ad63f4089","nodes":[{"id":"c861cfbc-de3c-3c20-a9f7-8ecd1a4fb423","type":"node:rectangle","targetObjectId":"3fff8695-f35c-4a27-b06f-3144ae769588","targetObjectKind":"siriusComponents://semantic?domain=sysml&entity=RequirementUsage","targetObjectLabel":"compliance","descriptionId":"siriusComponents://nodeDescription?sourceKind=view&sourceId=8dcd14b0-6259-3193-ad2c-743f394c68e4&sourceElementId=ac6d2b47-110c-3c85-ac67-f78f5c481433","borderNode":false,"modifiers":[],"state":"Normal","collapsingState":"EXPANDED","insideLabel":{"id":"afe3fab7-78e1-3b2e-8b83-5ec6287b86a6","text":"«requirement»\n<SHN 08> compliance : Regulator_Compliance","insideLabelLocation":"TOP_CENTER","style":{"color":"#000000","fontSize":14,"bold":false,"italic":false,"underline":false,"strikeThrough":false,"iconURL":["/icons/full/obj16/RequirementUsage.svg"],"background":"transparent","borderColor":"black","borderSize":0,"borderRadius":3,"borderStyle":"Solid","maxWidth":null},"isHeader":true,"headerSeparatorDisplayMode":"IF_CHILDREN","overflowStrategy":"NONE","textAlign":"CENTER"},"outsideLabels":[],"style":{"background":"#ffffff","borderColor":"#000000","borderSize":1,"borderRadius":10,"borderStyle":"Solid"},"childrenLayoutStrategy":{"areChildNodesDraggable":false,"topGap":0,"bottomGap":0,"growableNodeIds":[],"kind":"List"},"borderNodes":[],"childNodes":[{"id":"f8d37dd5-4027-3e3a-b461-97a259d72a38","type":"node:rectangle","targetObjectId":"3fff8695-f35c-4a27-b06f-3144ae769588","targetObjectKind":"siriusComponents://semantic?domain=sysml&entity=RequirementUsage","targetObjectLabel":"compliance","descriptionId":"siriusComponents://nodeDescription?sourceKind=view&sourceId=8dcd14b0-6259-3193-ad2c-743f394c68e4&sourceElementId=2dcb3118-bc32-367c-9dcc-db7ac6d23021","borderNode":false,"modifiers":["Hidden"],"state":"Hidden","collapsingState":"EXPANDED","insideLabel":{"id":"6325373d-8777-3cde-9a85-56b6f558f008","text":"doc","insideLabelLocation":"TOP_CENTER","style":{"color":"#000000","fontSize":12,"bold":false,"italic":true,"underline":false,"strikeThrough":false,"iconURL":[],"background":"transparent","borderColor":"black","borderSize":0,"borderRadius":3,"borderStyle":"Solid","maxWidth":null},"isHeader":true,"headerSeparatorDisplayMode":"NEVER","overflowStrategy":"NONE","textAlign":"CENTER"},"outsideLabels":[],"style":{"background":"transparent","borderColor":"#000000","borderSize":1,"borderRadius":0,"borderStyle":"Solid"},"childrenLayoutStrategy":{"areChildNodesDraggable":true,"topGap":0,"bottomGap":10,"growableNodeIds":[],"kind":"List"},"borderNodes":[],"childNodes":[],"defaultWidth":125,"defaultHeight":60,"labelEditable":false,"pinned":false},{"id":"0d1d7855-d0e5-3701-aabc-102a794f7aa3","type":"node:rectangle","targetObjectId":"3fff8695-f35c-4a27-b06f-3144ae769588","targetObjectKind":"siriusComponents://semantic?domain=sysml&entity=RequirementUsage","targetObjectLabel":"compliance","descriptionId":"siriusComponents://nodeDescription?sourceKind=view&sourceId=8dcd14b0-6259-3193-ad2c-743f394c68e4&sourceElementId=8a2d27b2-f4d9-3d4e-a16d-2604b01d8f47","borderNode":false,"modifiers":["Hidden"],"state":"Hidden","collapsingState":"EXPANDED","insideLabel":{"id":"24119f25-031c-3aa9-bace-f4a2b45e22a9","text":"attributes","insideLabelLocation":"TOP_CENTER","style":{"color":"#000000","fontSize":12,"bold":false,"italic":true,"underline":false,"strikeThrough":false,"iconURL":[],"background":"transparent","borderColor":"black","borderSize":0,"borderRadius":3,"borderStyle":"Solid","maxWidth":null},"isHeader":true,"headerSeparatorDisplayMode":"NEVER","overflowStrategy":"NONE","textAlign":"CENTER"},"outsideLabels":[],"style":{"background":"transparent","borderColor":"#000000","borderSize":1,"borderRadius":0,"borderStyle":"Solid"},"childrenLayoutStrategy":{"areChildNodesDraggable":true,"topGap":0,"bottomGap":10,"growableNodeIds":[],"kind":"List"},"borderNodes":[],"childNodes":[],"defaultWidth":125,"defaultHeight":60,"labelEditable":false,"pinned":false},{"id":"eec62bfb-d54b-3513-bb4a-72d427a4b4b3","type":"node:rectangle","targetObjectId":"3fff8695-f35c-4a27-b06f-3144ae769588","targetObjectKind":"siriusComponents://semantic?domain=sysml&entity=RequirementUsage","targetObjectLabel":"compliance","descriptionId":"siriusComponents://nodeDescription?sourceKind=view&sourceId=8dcd14b0-6259-3193-ad2c-743f394c68e4&sourceElementId=e4ec1b26-6866-31f7-9b0e-a54bc02bbd2d","borderNode":false,"modifiers":["Hidden"],"state":"Hidden","collapsingState":"EXPANDED","insideLabel":{"id":"a7011050-006c-38e0-ba56-420b4f4c2541","text":"assume constraints","insideLabelLocation":"TOP_CENTER","style":{"color":"#000000","fontSize":12,"bold":false,"italic":true,"underline":false,"strikeThrough":false,"iconURL":[],"background":"transparent","borderColor":"black","borderSize":0,"borderRadius":3,"borderStyle":"Solid","maxWidth":null},"isHeader":true,"headerSeparatorDisplayMode":"NEVER","overflowStrategy":"NONE","textAlign":"CENTER"},"outsideLabels":[],"style":{"background":"transparent","borderColor":"#000000","borderSize":1,"borderRadius":0,"borderStyle":"Solid"},"childrenLayoutStrategy":{"areChildNodesDraggable":true,"topGap":0,"bottomGap":10,"growableNodeIds":[],"kind":"List"},"borderNodes":[],"childNodes":[],"defaultWidth":125,"defaultHeight":60,"labelEditable":false,"pinned":false},{"id":"898b2edc-753a-3752-9178-cbb932be0baf","type":"node:rectangle","targetObjectId":"3fff8695-f35c-4a27-b06f-3144ae769588","targetObjectKind":"siriusComponents://semantic?domain=sysml&entity=RequirementUsage","targetObjectLabel":"compliance","descriptionId":"siriusComponents://nodeDescription?sourceKind=view&sourceId=8dcd14b0-6259-3193-ad2c-743f394c68e4&sourceElementId=c35b155a-ef54-3fd5-8925-9f1da66fb66b","borderNode":false,"modifiers":["Hidden"],"state":"Hidden","collapsingState":"EXPANDED","insideLabel":{"id":"dc601b0d-b365-3535-a7ef-3c4eb3c5911a","text":"require constraints","insideLabelLocation":"TOP_CENTER","style":{"color":"#000000","fontSize":12,"bold":false,"italic":true,"underline":false,"strikeThrough":false,"iconURL":[],"background":"transparent","borderColor":"black","borderSize":0,"borderRadius":3,"borderStyle":"Solid","maxWidth":null},"isHeader":true,"headerSeparatorDisplayMode":"NEVER","overflowStrategy":"NONE","textAlign":"CENTER"},"outsideLabels":[],"style":{"background":"transparent","borderColor":"#000000","borderSize":1,"borderRadius":0,"borderStyle":"Solid"},"childrenLayoutStrategy":{"areChildNodesDraggable":true,"topGap":0,"bottomGap":10,"growableNodeIds":[],"kind":"List"},"borderNodes":[],"childNodes":[],"defaultWidth":125,"defaultHeight":60,"labelEditable":false,"pinned":false},{"id":"b3773fe4-41b2-3022-be76-806698b61900","type":"node:rectangle","targetObjectId":"3fff8695-f35c-4a27-b06f-3144ae769588","targetObjectKind":"siriusComponents://semantic?domain=sysml&entity=RequirementUsage","targetObjectLabel":"compliance","descriptionId":"siriusComponents://nodeDescription?sourceKind=view&sourceId=8dcd14b0-6259-3193-ad2c-743f394c68e4&sourceElementId=4d4fa034-2b92-36f6-9b8d-872703419b56","borderNode":false,"modifiers":["Hidden"],"state":"Hidden","collapsingState":"EXPANDED","insideLabel":{"id":"c58c1bdb-88a9-33d5-868a-cae42f125d1f","text":"subject","insideLabelLocation":"TOP_CENTER","style":{"color":"#000000","fontSize":12,"bold":false,"italic":true,"underline":false,"strikeThrough":false,"iconURL":[],"background":"transparent","borderColor":"black","borderSize":0,"borderRadius":3,"borderStyle":"Solid","maxWidth":null},"isHeader":true,"headerSeparatorDisplayMode":"NEVER","overflowStrategy":"NONE","textAlign":"CENTER"},"outsideLabels":[],"style":{"background":"transparent","borderColor":"#000000","borderSize":1,"borderRadius":0,"borderStyle":"Solid"},"childrenLayoutStrategy":{"areChildNodesDraggable":true,"topGap":0,"bottomGap":10,"growableNodeIds":[],"kind":"List"},"borderNodes":[],"childNodes":[],"defaultWidth":125,"defaultHeight":60,"labelEditable":false,"pinned":false},{"id":"b50871e6-489f-31bb-b9db-9ac6e5e94871","type":"node:rectangle","targetObjectId":"3fff8695-f35c-4a27-b06f-3144ae769588","targetObjectKind":"siriusComponents://semantic?domain=sysml&entity=RequirementUsage","targetObjectLabel":"compliance","descriptionId":"siriusComponents://nodeDescription?sourceKind=view&sourceId=8dcd14b0-6259-3193-ad2c-743f394c68e4&sourceElementId=d44c436c-8886-37fb-86db-a35a90c2124f","borderNode":false,"modifiers":["Hidden"],"state":"Hidden","collapsingState":"EXPANDED","insideLabel":{"id":"bac1b80b-6fa7-364c-9387-0b14bb32b612","text":"actors","insideLabelLocation":"TOP_CENTER","style":{"color":"#000000","fontSize":12,"bold":false,"italic":true,"underline":false,"strikeThrough":false,"iconURL":[],"background":"transparent","borderColor":"black","borderSize":0,"borderRadius":3,"borderStyle":"Solid","maxWidth":null},"isHeader":true,"headerSeparatorDisplayMode":"NEVER","overflowStrategy":"NONE","textAlign":"CENTER"},"outsideLabels":[],"style":{"background":"transparent","borderColor":"#000000","borderSize":1,"borderRadius":0,"borderStyle":"Solid"},"childrenLayoutStrategy":{"areChildNodesDraggable":true,"topGap":0,"bottomGap":10,"growableNodeIds":[],"kind":"List"},"borderNodes":[],"childNodes":[],"defaultWidth":125,"defaultHeight":60,"labelEditable":false,"pinned":false},{"id":"b5aa4b79-fc25-3801-9304-ff0cb1b7895b","type":"node:rectangle","targetObjectId":"3fff8695-f35c-4a27-b06f-3144ae769588","targetObjectKind":"siriusComponents://semantic?domain=sysml&entity=RequirementUsage","targetObjectLabel":"compliance","descriptionId":"siriusComponents://nodeDescription?sourceKind=view&sourceId=8dcd14b0-6259-3193-ad2c-743f394c68e4&sourceElementId=d84402c7-c521-317a-b4a6-01844a34de97","borderNode":false,"modifiers":["Hidden"],"state":"Hidden","collapsingState":"EXPANDED","insideLabel":{"id":"cb195c5f-a2e2-36af-b927-673d03f042a4","text":"stakeholders","insideLabelLocation":"TOP_CENTER","style":{"color":"#000000","fontSize":12,"bold":false,"italic":true,"underline":false,"strikeThrough":false,"iconURL":[],"background":"transparent","borderColor":"black","borderSize":0,"borderRadius":3,"borderStyle":"Solid","maxWidth":null},"isHeader":true,"headerSeparatorDisplayMode":"NEVER","overflowStrategy":"NONE","textAlign":"CENTER"},"outsideLabels":[],"style":{"background":"transparent","borderColor":"#000000","borderSize":1,"borderRadius":0,"borderStyle":"Solid"},"childrenLayoutStrategy":{"areChildNodesDraggable":true,"topGap":0,"bottomGap":10,"growableNodeIds":[],"kind":"List"},"borderNodes":[],"childNodes":[{"id":"7cead58a-cd03-3719-8dd4-8d586b9dfdd2","type":"node:icon-label","targetObjectId":"3da1d8f4-c082-4d28-a581-de02279bf6cb","targetObjectKind":"siriusComponents://semantic?domain=sysml&entity=PartUsage","targetObjectLabel":"stakeholder1","descriptionId":"siriusComponents://nodeDescription?sourceKind=view&sourceId=8dcd14b0-6259-3193-ad2c-743f394c68e4&sourceElementId=3e3ef389-a3a0-38f8-b236-ebb7d76f4e84","borderNode":false,"modifiers":[],"state":"Hidden","collapsingState":"EXPANDED","insideLabel":{"id":"5eb275cf-454f-386a-ae08-00fa9f8c78db","text":"stakeholder1 :> regulator","insideLabelLocation":"TOP_LEFT","style":{"color":"#000000","fontSize":14,"bold":false,"italic":false,"underline":false,"strikeThrough":false,"iconURL":["/icons/full/obj16/PartUsage.svg"],"background":"transparent","borderColor":"black","borderSize":0,"borderRadius":3,"borderStyle":"Solid","maxWidth":null},"isHeader":false,"headerSeparatorDisplayMode":"NEVER","overflowStrategy":"WRAP","textAlign":"LEFT"},"outsideLabels":[],"style":{"background":"transparent"},"childrenLayoutStrategy":null,"borderNodes":[],"childNodes":[],"defaultWidth":125,"defaultHeight":15,"labelEditable":true,"pinned":false}],"defaultWidth":125,"defaultHeight":60,"labelEditable":false,"pinned":false}],"defaultWidth":125,"defaultHeight":60,"labelEditable":true,"pinned":false},{"id":"76a87326-0841-325b-b493-4ccffbab2507","type":"node:rectangle","targetObjectId":"1cef74ff-a780-44ef-93dc-8a7cc41de459","targetObjectKind":"siriusComponents://semantic?domain=sysml&entity=RequirementUsage","targetObjectLabel":"scan_crop","descriptionId":"siriusComponents://nodeDescription?sourceKind=view&sourceId=8dcd14b0-6259-3193-ad2c-743f394c68e4&sourceElementId=ac6d2b47-110c-3c85-ac67-f78f5c481433","borderNode":false,"modifiers":[],"state":"Normal","collapsingState":"EXPANDED","insideLabel":{"id":"3c31376d-bb2d-3fe6-b4a6-aefb103f45b4","text":"«requirement»\n<SHN 05> scan_crop : AI_Crop_Health","insideLabelLocation":"TOP_CENTER","style":{"color":"#000000","fontSize":14,"bold":false,"italic":false,"underline":false,"strikeThrough":false,"iconURL":["/icons/full/obj16/RequirementUsage.svg"],"background":"transparent","borderColor":"black","borderSize":0,"borderRadius":3,"borderStyle":"Solid","maxWidth":null},"isHeader":true,"headerSeparatorDisplayMode":"IF_CHILDREN","overflowStrategy":"NONE","textAlign":"CENTER"},"outsideLabels":[],"style":{"background":"#ffffff","borderColor":"#000000","borderSize":1,"borderRadius":10,"borderStyle":"Solid"},"childrenLayoutStrategy":{"areChildNodesDraggable":false,"topGap":0,"bottomGap":0,"growableNodeIds":[],"kind":"List"},"borderNodes":[],"childNodes":[{"id":"cecb45d7-ce59-3eba-bb57-094c23ea480e","type":"node:rectangle","targetObjectId":"1cef74ff-a780-44ef-93dc-8a7cc41de459","targetObjectKind":"siriusComponents://semantic?domain=sysml&entity=RequirementUsage","targetObjectLabel":"scan_crop","descriptionId":"siriusComponents://nodeDescription?sourceKind=view&sourceId=8dcd14b0-6259-3193-ad2c-743f394c68e4&sourceElementId=2dcb3118-bc32-367c-9dcc-db7ac6d23021","borderNode":false,"modifiers":["Hidden"],"state":"Hidden","collapsingState":"EXPANDED","insideLabel":{"id":"e5975406-90fe-3dd8-bb16-1a1e4dabf78e","text":"doc","insideLabelLocation":"TOP_CENTER","style":{"color":"#000000","fontSize":12,"bold":false,"italic":true,"underline":false,"strikeThrough":false,"iconURL":[],"background":"transparent","borderColor":"black","borderSize":0,"borderRadius":3,"borderStyle":"Solid","maxWidth":null},"isHeader":true,"headerSeparatorDisplayMode":"NEVER","overflowStrategy":"NONE","textAlign":"CENTER"},"outsideLabels":[],"style":{"background":"transparent","borderColor":"#000000","borderSize":1,"borderRadius":0,"borderStyle":"Solid"},"childrenLayoutStrategy":{"areChildNodesDraggable":true,"topGap":0,"bottomGap":10,"growableNodeIds":[],"kind":"List"},"borderNodes":[],"childNodes":[],"defaultWidth":125,"defaultHeight":60,"labelEditable":false,"pinned":false},{"id":"e7d58c23-85ae-3d54-b01f-8dfc580f0944","type":"node:rectangle","targetObjectId":"1cef74ff-a780-44ef-93dc-8a7cc41de459","targetObjectKind":"siriusComponents://semantic?domain=sysml&entity=RequirementUsage","targetObjectLabel":"scan_crop","descriptionId":"siriusComponents://nodeDescription?sourceKind=view&sourceId=8dcd14b0-6259-3193-ad2c-743f394c68e4&sourceElementId=8a2d27b2-f4d9-3d4e-a16d-2604b01d8f47","borderNode":false,"modifiers":["Hidden"],"state":"Hidden","collapsingState":"EXPANDED","insideLabel":{"id":"54a4f162-03b7-315f-a5a9-f38c333bbd70","text":"attributes","insideLabelLocation":"TOP_CENTER","style":{"color":"#000000","fontSize":12,"bold":false,"italic":true,"underline":false,"strikeThrough":false,"iconURL":[],"background":"transparent","borderColor":"black","borderSize":0,"borderRadius":3,"borderStyle":"Solid","maxWidth":null},"isHeader":true,"headerSeparatorDisplayMode":"NEVER","overflowStrategy":"NONE","textAlign":"CENTER"},"outsideLabels":[],"style":{"background":"transparent","borderColor":"#000000","borderSize":1,"borderRadius":0,"borderStyle":"Solid"},"childrenLayoutStrategy":{"areChildNodesDraggable":true,"topGap":0,"bottomGap":10,"growableNodeIds":[],"kind":"List"},"borderNodes":[],"childNodes":[],"defaultWidth":125,"defaultHeight":60,"labelEditable":false,"pinned":false},{"id":"fd51eb71-be05-37e6-8a8e-fe6cc21de63a","type":"node:rectangle","targetObjectId":"1cef74ff-a780-44ef-93dc-8a7cc41de459","targetObjectKind":"siriusComponents://semantic?domain=sysml&entity=RequirementUsage","targetObjectLabel":"scan_crop","descriptionId":"siriusComponents://nodeDescription?sourceKind=view&sourceId=8dcd14b0-6259-3193-ad2c-743f394c68e4&sourceElementId=e4ec1b26-6866-31f7-9b0e-a54bc02bbd2d","borderNode":false,"modifiers":["Hidden"],"state":"Hidden","collapsingState":"EXPANDED","insideLabel":{"id":"d278239a-2fb5-3c29-ab3c-348ac63eafa2","text":"assume constraints","insideLabelLocation":"TOP_CENTER","style":{"color":"#000000","fontSize":12,"bold":false,"italic":true,"underline":false,"strikeThrough":false,"iconURL":[],"background":"transparent","borderColor":"black","borderSize":0,"borderRadius":3,"borderStyle":"Solid","maxWidth":null},"isHeader":true,"headerSeparatorDisplayMode":"NEVER","overflowStrategy":"NONE","textAlign":"CENTER"},"outsideLabels":[],"style":{"background":"transparent","borderColor":"#000000","borderSize":1,"borderRadius":0,"borderStyle":"Solid"},"childrenLayoutStrategy":{"areChildNodesDraggable":true,"topGap":0,"bottomGap":10,"growableNodeIds":[],"kind":"List"},"borderNodes":[],"childNodes":[],"defaultWidth":125,"defaultHeight":60,"labelEditable":false,"pinned":false},{"id":"5bf969c7-9c8f-3121-a24e-c61b0dba1c0d","type":"node:rectangle","targetObjectId":"1cef74ff-a780-44ef-93dc-8a7cc41de459","targetObjectKind":"siriusComponents://semantic?domain=sysml&entity=RequirementUsage","targetObjectLabel":"scan_crop","descriptionId":"siriusComponents://nodeDescription?sourceKind=view&sourceId=8dcd14b0-6259-3193-ad2c-743f394c68e4&sourceElementId=c35b155a-ef54-3fd5-8925-9f1da66fb66b","borderNode":false,"modifiers":["Hidden"],"state":"Hidden","collapsingState":"EXPANDED","insideLabel":{"id":"d0018d0d-288a-3703-bb40-7b6b8d4fd847","text":"require constraints","insideLabelLocation":"TOP_CENTER","style":{"color":"#000000","fontSize":12,"bold":false,"italic":true,"underline":false,"strikeThrough":false,"iconURL":[],"background":"transparent","borderColor":"black","borderSize":0,"borderRadius":3,"borderStyle":"Solid","maxWidth":null},"isHeader":true,"headerSeparatorDisplayMode":"NEVER","overflowStrategy":"NONE","textAlign":"CENTER"},"outsideLabels":[],"style":{"background":"transparent","borderColor":"#000000","borderSize":1,"borderRadius":0,"borderStyle":"Solid"},"childrenLayoutStrategy":{"areChildNodesDraggable":true,"topGap":0,"bottomGap":10,"growableNodeIds":[],"kind":"List"},"borderNodes":[],"childNodes":[],"defaultWidth":125,"defaultHeight":60,"labelEditable":false,"pinned":false},{"id":"168daec4-5baa-3f6c-af91-9f7d3aaf2a39","type":"node:rectangle","targetObjectId":"1cef74ff-a780-44ef-93dc-8a7cc41de459","targetObjectKind":"siriusComponents://semantic?domain=sysml&entity=RequirementUsage","targetObjectLabel":"scan_crop","descriptionId":"siriusComponents://nodeDescription?sourceKind=view&sourceId=8dcd14b0-6259-3193-ad2c-743f394c68e4&sourceElementId=4d4fa034-2b92-36f6-9b8d-872703419b56","borderNode":false,"modifiers":["Hidden"],"state":"Hidden","collapsingState":"EXPANDED","insideLabel":{"id":"30737c01-8482-3f4c-97f7-1345238c44c9","text":"subject","insideLabelLocation":"TOP_CENTER","style":{"color":"#000000","fontSize":12,"bold":false,"italic":true,"underline":false,"strikeThrough":false,"iconURL":[],"background":"transparent","borderColor":"black","borderSize":0,"borderRadius":3,"borderStyle":"Solid","maxWidth":null},"isHeader":true,"headerSeparatorDisplayMode":"NEVER","overflowStrategy":"NONE","textAlign":"CENTER"},"outsideLabels":[],"style":{"background":"transparent","borderColor":"#000000","borderSize":1,"borderRadius":0,"borderStyle":"Solid"},"childrenLayoutStrategy":{"areChildNodesDraggable":true,"topGap":0,"bottomGap":10,"growableNodeIds":[],"kind":"List"},"borderNodes":[],"childNodes":[],"defaultWidth":125,"defaultHeight":60,"labelEditable":false,"pinned":false},{"id":"57702f04-7889-3667-a468-0c16f0bd33bb","type":"node:rectangle","targetObjectId":"1cef74ff-a780-44ef-93dc-8a7cc41de459","targetObjectKind":"siriusComponents://semantic?domain=sysml&entity=RequirementUsage","targetObjectLabel":"scan_crop","descriptionId":"siriusComponents://nodeDescription?sourceKind=view&sourceId=8dcd14b0-6259-3193-ad2c-743f394c68e4&sourceElementId=d44c436c-8886-37fb-86db-a35a90c2124f","borderNode":false,"modifiers":["Hidden"],"state":"Hidden","collapsingState":"EXPANDED","insideLabel":{"id":"fa48f799-18e3-3779-82f0-d63d6ddfdfe7","text":"actors","insideLabelLocation":"TOP_CENTER","style":{"color":"#000000","fontSize":12,"bold":false,"italic":true,"underline":false,"strikeThrough":false,"iconURL":[],"background":"transparent","borderColor":"black","borderSize":0,"borderRadius":3,"borderStyle":"Solid","maxWidth":null},"isHeader":true,"headerSeparatorDisplayMode":"NEVER","overflowStrategy":"NONE","textAlign":"CENTER"},"outsideLabels":[],"style":{"background":"transparent","borderColor":"#000000","borderSize":1,"borderRadius":0,"borderStyle":"Solid"},"childrenLayoutStrategy":{"areChildNodesDraggable":true,"topGap":0,"bottomGap":10,"growableNodeIds":[],"kind":"List"},"borderNodes":[],"childNodes":[],"defaultWidth":125,"defaultHeight":60,"labelEditable":false,"pinned":false},{"id":"5b4eb7e0-3bd8-34f5-86f9-d5477cd741af","type":"node:rectangle","targetObjectId":"1cef74ff-a780-44ef-93dc-8a7cc41de459","targetObjectKind":"siriusComponents://semantic?domain=sysml&entity=RequirementUsage","targetObjectLabel":"scan_crop","descriptionId":"siriusComponents://nodeDescription?sourceKind=view&sourceId=8dcd14b0-6259-3193-ad2c-743f394c68e4&sourceElementId=d84402c7-c521-317a-b4a6-01844a34de97","borderNode":false,"modifiers":["Hidden"],"state":"Hidden","collapsingState":"EXPANDED","insideLabel":{"id":"b76f134c-fb40-3783-84af-f49909d0b2b8","text":"stakeholders","insideLabelLocation":"TOP_CENTER","style":{"color":"#000000","fontSize":12,"bold":false,"italic":true,"underline":false,"strikeThrough":false,"iconURL":[],"background":"transparent","borderColor":"black","borderSize":0,"borderRadius":3,"borderStyle":"Solid","maxWidth":null},"isHeader":true,"headerSeparatorDisplayMode":"NEVER","overflowStrategy":"NONE","textAlign":"CENTER"},"outsideLabels":[],"style":{"background":"transparent","borderColor":"#000000","borderSize":1,"borderRadius":0,"borderStyle":"Solid"},"childrenLayoutStrategy":{"areChildNodesDraggable":true,"topGap":0,"bottomGap":10,"growableNodeIds":[],"kind":"List"},"borderNodes":[],"childNodes":[{"id":"b19c46f8-9476-38c0-b60b-0a2e3dfc4e06","type":"node:icon-label","targetObjectId":"733627d7-1055-47e2-8484-68ff6fa49624","targetObjectKind":"siriusComponents://semantic?domain=sysml&entity=PartUsage","targetObjectLabel":"stakeholder1","descriptionId":"siriusComponents://nodeDescription?sourceKind=view&sourceId=8dcd14b0-6259-3193-ad2c-743f394c68e4&sourceElementId=3e3ef389-a3a0-38f8-b236-ebb7d76f4e84","borderNode":false,"modifiers":[],"state":"Hidden","collapsingState":"EXPANDED","insideLabel":{"id":"4ca8c58a-79f2-3725-9c16-30661d5c3389","text":"stakeholder1 :> agriculture_tech_companies","insideLabelLocation":"TOP_LEFT","style":{"color":"#000000","fontSize":14,"bold":false,"italic":false,"underline":false,"strikeThrough":false,"iconURL":["/icons/full/obj16/PartUsage.svg"],"background":"transparent","borderColor":"black","borderSize":0,"borderRadius":3,"borderStyle":"Solid","maxWidth":null},"isHeader":false,"headerSeparatorDisplayMode":"NEVER","overflowStrategy":"WRAP","textAlign":"LEFT"},"outsideLabels":[],"style":{"background":"transparent"},"childrenLayoutStrategy":null,"borderNodes":[],"childNodes":[],"defaultWidth":125,"defaultHeight":15,"labelEditable":true,"pinned":false}],"defaultWidth":125,"defaultHeight":60,"labelEditable":false,"pinned":false}],"defaultWidth":125,"defaultHeight":60,"labelEditable":true,"pinned":false},{"id":"37466c37-a7fc-3ea8-8382-8a8d1bf2f1b0","type":"node:rectangle","targetObjectId":"c33aec45-1155-4f44-9447-013d38085819","targetObjectKind":"siriusComponents://semantic?domain=sysml&entity=RequirementUsage","targetObjectLabel":"auto_treatment","descriptionId":"siriusComponents://nodeDescription?sourceKind=view&sourceId=8dcd14b0-6259-3193-ad2c-743f394c68e4&sourceElementId=ac6d2b47-110c-3c85-ac67-f78f5c481433","borderNode":false,"modifiers":[],"state":"Normal","collapsingState":"EXPANDED","insideLabel":{"id":"e93d2251-7275-3cfc-9b8c-19d1d980da6f","text":"«requirement»\n<SHN 01> auto_treatment : Automated_Treatment","insideLabelLocation":"TOP_CENTER","style":{"color":"#000000","fontSize":14,"bold":false,"italic":false,"underline":false,"strikeThrough":false,"iconURL":["/icons/full/obj16/RequirementUsage.svg"],"background":"transparent","borderColor":"black","borderSize":0,"borderRadius":3,"borderStyle":"Solid","maxWidth":null},"isHeader":true,"headerSeparatorDisplayMode":"IF_CHILDREN","overflowStrategy":"NONE","textAlign":"CENTER"},"outsideLabels":[],"style":{"background":"#ffffff","borderColor":"#000000","borderSize":1,"borderRadius":10,"borderStyle":"Solid"},"childrenLayoutStrategy":{"areChildNodesDraggable":false,"topGap":0,"bottomGap":0,"growableNodeIds":[],"kind":"List"},"borderNodes":[],"childNodes":[{"id":"1decf9e8-2eec-3d1c-9c4a-2f94328ac639","type":"node:rectangle","targetObjectId":"c33aec45-1155-4f44-9447-013d38085819","targetObjectKind":"siriusComponents://semantic?domain=sysml&entity=RequirementUsage","targetObjectLabel":"auto_treatment","descriptionId":"siriusComponents://nodeDescription?sourceKind=view&sourceId=8dcd14b0-6259-3193-ad2c-743f394c68e4&sourceElementId=2dcb3118-bc32-367c-9dcc-db7ac6d23021","borderNode":false,"modifiers":["Hidden"],"state":"Hidden","collapsingState":"EXPANDED","insideLabel":{"id":"03cf5a05-85ee-3189-abd1-5e6468c25bc3","text":"doc","insideLabelLocation":"TOP_CENTER","style":{"color":"#000000","fontSize":12,"bold":false,"italic":true,"underline":false,"strikeThrough":false,"iconURL":[],"background":"transparent","borderColor":"black","borderSize":0,"borderRadius":3,"borderStyle":"Solid","maxWidth":null},"isHeader":true,"headerSeparatorDisplayMode":"NEVER","overflowStrategy":"NONE","textAlign":"CENTER"},"outsideLabels":[],"style":{"background":"transparent","borderColor":"#000000","borderSize":1,"borderRadius":0,"borderStyle":"Solid"},"childrenLayoutStrategy":{"areChildNodesDraggable":true,"topGap":0,"bottomGap":10,"growableNodeIds":[],"kind":"List"},"borderNodes":[],"childNodes":[],"defaultWidth":125,"defaultHeight":60,"labelEditable":false,"pinned":false},{"id":"a141be85-01d0-309d-b872-41bdc184ae2e","type":"node:rectangle","targetObjectId":"c33aec45-1155-4f44-9447-013d38085819","targetObjectKind":"siriusComponents://semantic?domain=sysml&entity=RequirementUsage","targetObjectLabel":"auto_treatment","descriptionId":"siriusComponents://nodeDescription?sourceKind=view&sourceId=8dcd14b0-6259-3193-ad2c-743f394c68e4&sourceElementId=8a2d27b2-f4d9-3d4e-a16d-2604b01d8f47","borderNode":false,"modifiers":["Hidden"],"state":"Hidden","collapsingState":"EXPANDED","insideLabel":{"id":"d9b55a1d-1bff-3314-8e98-8146de247b96","text":"attributes","insideLabelLocation":"TOP_CENTER","style":{"color":"#000000","fontSize":12,"bold":false,"italic":true,"underline":false,"strikeThrough":false,"iconURL":[],"background":"transparent","borderColor":"black","borderSize":0,"borderRadius":3,"borderStyle":"Solid","maxWidth":null},"isHeader":true,"headerSeparatorDisplayMode":"NEVER","overflowStrategy":"NONE","textAlign":"CENTER"},"outsideLabels":[],"style":{"background":"transparent","borderColor":"#000000","borderSize":1,"borderRadius":0,"borderStyle":"Solid"},"childrenLayoutStrategy":{"areChildNodesDraggable":true,"topGap":0,"bottomGap":10,"growableNodeIds":[],"kind":"List"},"borderNodes":[],"childNodes":[],"defaultWidth":125,"defaultHeight":60,"labelEditable":false,"pinned":false},{"id":"1c4e3be6-6e09-3da0-941b-441b65919ced","type":"node:rectangle","targetObjectId":"c33aec45-1155-4f44-9447-013d38085819","targetObjectKind":"siriusComponents://semantic?domain=sysml&entity=RequirementUsage","targetObjectLabel":"auto_treatment","descriptionId":"siriusComponents://nodeDescription?sourceKind=view&sourceId=8dcd14b0-6259-3193-ad2c-743f394c68e4&sourceElementId=e4ec1b26-6866-31f7-9b0e-a54bc02bbd2d","borderNode":false,"modifiers":["Hidden"],"state":"Hidden","collapsingState":"EXPANDED","insideLabel":{"id":"b2b71940-d0e1-3304-94e3-5b8328441ebb","text":"assume constraints","insideLabelLocation":"TOP_CENTER","style":{"color":"#000000","fontSize":12,"bold":false,"italic":true,"underline":false,"strikeThrough":false,"iconURL":[],"background":"transparent","borderColor":"black","borderSize":0,"borderRadius":3,"borderStyle":"Solid","maxWidth":null},"isHeader":true,"headerSeparatorDisplayMode":"NEVER","overflowStrategy":"NONE","textAlign":"CENTER"},"outsideLabels":[],"style":{"background":"transparent","borderColor":"#000000","borderSize":1,"borderRadius":0,"borderStyle":"Solid"},"childrenLayoutStrategy":{"areChildNodesDraggable":true,"topGap":0,"bottomGap":10,"growableNodeIds":[],"kind":"List"},"borderNodes":[],"childNodes":[],"defaultWidth":125,"defaultHeight":60,"labelEditable":false,"pinned":false},{"id":"e517ee86-0efd-3aff-b69f-7a9095027c18","type":"node:rectangle","targetObjectId":"c33aec45-1155-4f44-9447-013d38085819","targetObjectKind":"siriusComponents://semantic?domain=sysml&entity=RequirementUsage","targetObjectLabel":"auto_treatment","descriptionId":"siriusComponents://nodeDescription?sourceKind=view&sourceId=8dcd14b0-6259-3193-ad2c-743f394c68e4&sourceElementId=c35b155a-ef54-3fd5-8925-9f1da66fb66b","borderNode":false,"modifiers":["Hidden"],"state":"Hidden","collapsingState":"EXPANDED","insideLabel":{"id":"39ac3765-135a-3cc7-ba28-b4769ee5fc25","text":"require constraints","insideLabelLocation":"TOP_CENTER","style":{"color":"#000000","fontSize":12,"bold":false,"italic":true,"underline":false,"strikeThrough":false,"iconURL":[],"background":"transparent","borderColor":"black","borderSize":0,"borderRadius":3,"borderStyle":"Solid","maxWidth":null},"isHeader":true,"headerSeparatorDisplayMode":"NEVER","overflowStrategy":"NONE","textAlign":"CENTER"},"outsideLabels":[],"style":{"background":"transparent","borderColor":"#000000","borderSize":1,"borderRadius":0,"borderStyle":"Solid"},"childrenLayoutStrategy":{"areChildNodesDraggable":true,"topGap":0,"bottomGap":10,"growableNodeIds":[],"kind":"List"},"borderNodes":[],"childNodes":[],"defaultWidth":125,"defaultHeight":60,"labelEditable":false,"pinned":false},{"id":"9a7df1e9-2097-37f6-b216-ca182c3ab5b2","type":"node:rectangle","targetObjectId":"c33aec45-1155-4f44-9447-013d38085819","targetObjectKind":"siriusComponents://semantic?domain=sysml&entity=RequirementUsage","targetObjectLabel":"auto_treatment","descriptionId":"siriusComponents://nodeDescription?sourceKind=view&sourceId=8dcd14b0-6259-3193-ad2c-743f394c68e4&sourceElementId=4d4fa034-2b92-36f6-9b8d-872703419b56","borderNode":false,"modifiers":["Hidden"],"state":"Hidden","collapsingState":"EXPANDED","insideLabel":{"id":"c303cc9d-8f43-3cfc-85aa-9072af26e8dc","text":"subject","insideLabelLocation":"TOP_CENTER","style":{"color":"#000000","fontSize":12,"bold":false,"italic":true,"underline":false,"strikeThrough":false,"iconURL":[],"background":"transparent","borderColor":"black","borderSize":0,"borderRadius":3,"borderStyle":"Solid","maxWidth":null},"isHeader":true,"headerSeparatorDisplayMode":"NEVER","overflowStrategy":"NONE","textAlign":"CENTER"},"outsideLabels":[],"style":{"background":"transparent","borderColor":"#000000","borderSize":1,"borderRadius":0,"borderStyle":"Solid"},"childrenLayoutStrategy":{"areChildNodesDraggable":true,"topGap":0,"bottomGap":10,"growableNodeIds":[],"kind":"List"},"borderNodes":[],"childNodes":[],"defaultWidth":125,"defaultHeight":60,"labelEditable":false,"pinned":false},{"id":"8d4f7134-3c2c-3bf9-bb23-1d40c927ec7b","type":"node:rectangle","targetObjectId":"c33aec45-1155-4f44-9447-013d38085819","targetObjectKind":"siriusComponents://semantic?domain=sysml&entity=RequirementUsage","targetObjectLabel":"auto_treatment","descriptionId":"siriusComponents://nodeDescription?sourceKind=view&sourceId=8dcd14b0-6259-3193-ad2c-743f394c68e4&sourceElementId=d44c436c-8886-37fb-86db-a35a90c2124f","borderNode":false,"modifiers":["Hidden"],"state":"Hidden","collapsingState":"EXPANDED","insideLabel":{"id":"b089b7a2-7d2a-3363-8a59-436e69e46cf4","text":"actors","insideLabelLocation":"TOP_CENTER","style":{"color":"#000000","fontSize":12,"bold":false,"italic":true,"underline":false,"strikeThrough":false,"iconURL":[],"background":"transparent","borderColor":"black","borderSize":0,"borderRadius":3,"borderStyle":"Solid","maxWidth":null},"isHeader":true,"headerSeparatorDisplayMode":"NEVER","overflowStrategy":"NONE","textAlign":"CENTER"},"outsideLabels":[],"style":{"background":"transparent","borderColor":"#000000","borderSize":1,"borderRadius":0,"borderStyle":"Solid"},"childrenLayoutStrategy":{"areChildNodesDraggable":true,"topGap":0,"bottomGap":10,"growableNodeIds":[],"kind":"List"},"borderNodes":[],"childNodes":[],"defaultWidth":125,"defaultHeight":60,"labelEditable":false,"pinned":false},{"id":"9defeb50-f7e7-3167-938e-c2899cb33159","type":"node:rectangle","targetObjectId":"c33aec45-1155-4f44-9447-013d38085819","targetObjectKind":"siriusComponents://semantic?domain=sysml&entity=RequirementUsage","targetObjectLabel":"auto_treatment","descriptionId":"siriusComponents://nodeDescription?sourceKind=view&sourceId=8dcd14b0-6259-3193-ad2c-743f394c68e4&sourceElementId=d84402c7-c521-317a-b4a6-01844a34de97","borderNode":false,"modifiers":["Hidden"],"state":"Hidden","collapsingState":"EXPANDED","insideLabel":{"id":"8e73caa0-819a-331b-ab67-4872c4b7214d","text":"stakeholders","insideLabelLocation":"TOP_CENTER","style":{"color":"#000000","fontSize":12,"bold":false,"italic":true,"underline":false,"strikeThrough":false,"iconURL":[],"background":"transparent","borderColor":"black","borderSize":0,"borderRadius":3,"borderStyle":"Solid","maxWidth":null},"isHeader":true,"headerSeparatorDisplayMode":"NEVER","overflowStrategy":"NONE","textAlign":"CENTER"},"outsideLabels":[],"style":{"background":"transparent","borderColor":"#000000","borderSize":1,"borderRadius":0,"borderStyle":"Solid"},"childrenLayoutStrategy":{"areChildNodesDraggable":true,"topGap":0,"bottomGap":10,"growableNodeIds":[],"kind":"List"},"borderNodes":[],"childNodes":[{"id":"d556d3cf-1bf3-38d4-9e00-771e13458c43","type":"node:icon-label","targetObjectId":"ff9ba0a5-cc66-4a9c-b692-134b3e469f1d","targetObjectKind":"siriusComponents://semantic?domain=sysml&entity=PartUsage","targetObjectLabel":"stakeholder1","descriptionId":"siriusComponents://nodeDescription?sourceKind=view&sourceId=8dcd14b0-6259-3193-ad2c-743f394c68e4&sourceElementId=3e3ef389-a3a0-38f8-b236-ebb7d76f4e84","borderNode":false,"modifiers":[],"state":"Hidden","collapsingState":"EXPANDED","insideLabel":{"id":"c894d3aa-5a08-32fe-9e3a-b35c4538d3f3","text":"<SHN 01> stakeholder1 :> farm_manager","insideLabelLocation":"TOP_LEFT","style":{"color":"#000000","fontSize":14,"bold":false,"italic":false,"underline":false,"strikeThrough":false,"iconURL":["/icons/full/obj16/PartUsage.svg"],"background":"transparent","borderColor":"black","borderSize":0,"borderRadius":3,"borderStyle":"Solid","maxWidth":null},"isHeader":false,"headerSeparatorDisplayMode":"NEVER","overflowStrategy":"WRAP","textAlign":"LEFT"},"outsideLabels":[],"style":{"background":"transparent"},"childrenLayoutStrategy":null,"borderNodes":[],"childNodes":[],"defaultWidth":125,"defaultHeight":15,"labelEditable":true,"pinned":false}],"defaultWidth":125,"defaultHeight":60,"labelEditable":false,"pinned":false}],"defaultWidth":125,"defaultHeight":60,"labelEditable":true,"pinned":false},{"id":"b51d0ffe-369c-3015-9aa3-3ae0574e52a1","type":"node:rectangle","targetObjectId":"bd92f1cb-fa7a-4f73-add2-0c3245ca84a2","targetObjectKind":"siriusComponents://semantic?domain=sysml&entity=RequirementUsage","targetObjectLabel":"monitoring","descriptionId":"siriusComponents://nodeDescription?sourceKind=view&sourceId=8dcd14b0-6259-3193-ad2c-743f394c68e4&sourceElementId=ac6d2b47-110c-3c85-ac67-f78f5c481433","borderNode":false,"modifiers":[],"state":"Normal","collapsingState":"EXPANDED","insideLabel":{"id":"e0e01242-5b96-32ed-803d-10b353869600","text":"«requirement»\n<SHN 04> monitoring : Precesion_Monitoring","insideLabelLocation":"TOP_CENTER","style":{"color":"#000000","fontSize":14,"bold":false,"italic":false,"underline":false,"strikeThrough":false,"iconURL":["/icons/full/obj16/RequirementUsage.svg"],"background":"transparent","borderColor":"black","borderSize":0,"borderRadius":3,"borderStyle":"Solid","maxWidth":null},"isHeader":true,"headerSeparatorDisplayMode":"IF_CHILDREN","overflowStrategy":"NONE","textAlign":"CENTER"},"outsideLabels":[],"style":{"background":"#ffffff","borderColor":"#000000","borderSize":1,"borderRadius":10,"borderStyle":"Solid"},"childrenLayoutStrategy":{"areChildNodesDraggable":false,"topGap":0,"bottomGap":0,"growableNodeIds":[],"kind":"List"},"borderNodes":[],"childNodes":[{"id":"31066c04-7529-3aae-915d-8b35eef1818e","type":"node:rectangle","targetObjectId":"bd92f1cb-fa7a-4f73-add2-0c3245ca84a2","targetObjectKind":"siriusComponents://semantic?domain=sysml&entity=RequirementUsage","targetObjectLabel":"monitoring","descriptionId":"siriusComponents://nodeDescription?sourceKind=view&sourceId=8dcd14b0-6259-3193-ad2c-743f394c68e4&sourceElementId=2dcb3118-bc32-367c-9dcc-db7ac6d23021","borderNode":false,"modifiers":["Hidden"],"state":"Hidden","collapsingState":"EXPANDED","insideLabel":{"id":"8c9203c9-bb52-3637-a8d5-7e71bd68c7c6","text":"doc","insideLabelLocation":"TOP_CENTER","style":{"color":"#000000","fontSize":12,"bold":false,"italic":true,"underline":false,"strikeThrough":false,"iconURL":[],"background":"transparent","borderColor":"black","borderSize":0,"borderRadius":3,"borderStyle":"Solid","maxWidth":null},"isHeader":true,"headerSeparatorDisplayMode":"NEVER","overflowStrategy":"NONE","textAlign":"CENTER"},"outsideLabels":[],"style":{"background":"transparent","borderColor":"#000000","borderSize":1,"borderRadius":0,"borderStyle":"Solid"},"childrenLayoutStrategy":{"areChildNodesDraggable":true,"topGap":0,"bottomGap":10,"growableNodeIds":[],"kind":"List"},"borderNodes":[],"childNodes":[],"defaultWidth":125,"defaultHeight":60,"labelEditable":false,"pinned":false},{"id":"1134249e-5c46-3bb8-ab5b-4ad6ec6312c1","type":"node:rectangle","targetObjectId":"bd92f1cb-fa7a-4f73-add2-0c3245ca84a2","targetObjectKind":"siriusComponents://semantic?domain=sysml&entity=RequirementUsage","targetObjectLabel":"monitoring","descriptionId":"siriusComponents://nodeDescription?sourceKind=view&sourceId=8dcd14b0-6259-3193-ad2c-743f394c68e4&sourceElementId=8a2d27b2-f4d9-3d4e-a16d-2604b01d8f47","borderNode":false,"modifiers":["Hidden"],"state":"Hidden","collapsingState":"EXPANDED","insideLabel":{"id":"3c06d192-a3b3-3cbd-9e4c-717cb0d4ca15","text":"attributes","insideLabelLocation":"TOP_CENTER","style":{"color":"#000000","fontSize":12,"bold":false,"italic":true,"underline":false,"strikeThrough":false,"iconURL":[],"background":"transparent","borderColor":"black","borderSize":0,"borderRadius":3,"borderStyle":"Solid","maxWidth":null},"isHeader":true,"headerSeparatorDisplayMode":"NEVER","overflowStrategy":"NONE","textAlign":"CENTER"},"outsideLabels":[],"style":{"background":"transparent","borderColor":"#000000","borderSize":1,"borderRadius":0,"borderStyle":"Solid"},"childrenLayoutStrategy":{"areChildNodesDraggable":true,"topGap":0,"bottomGap":10,"growableNodeIds":[],"kind":"List"},"borderNodes":[],"childNodes":[],"defaultWidth":125,"defaultHeight":60,"labelEditable":false,"pinned":false},{"id":"0d3c34c4-3826-3150-bb9e-cc95c233021a","type":"node:rectangle","targetObjectId":"bd92f1cb-fa7a-4f73-add2-0c3245ca84a2","targetObjectKind":"siriusComponents://semantic?domain=sysml&entity=RequirementUsage","targetObjectLabel":"monitoring","descriptionId":"siriusComponents://nodeDescription?sourceKind=view&sourceId=8dcd14b0-6259-3193-ad2c-743f394c68e4&sourceElementId=e4ec1b26-6866-31f7-9b0e-a54bc02bbd2d","borderNode":false,"modifiers":["Hidden"],"state":"Hidden","collapsingState":"EXPANDED","insideLabel":{"id":"b6bffb2f-fbf8-3044-bea9-ad234d9b49fa","text":"assume constraints","insideLabelLocation":"TOP_CENTER","style":{"color":"#000000","fontSize":12,"bold":false,"italic":true,"underline":false,"strikeThrough":false,"iconURL":[],"background":"transparent","borderColor":"black","borderSize":0,"borderRadius":3,"borderStyle":"Solid","maxWidth":null},"isHeader":true,"headerSeparatorDisplayMode":"NEVER","overflowStrategy":"NONE","textAlign":"CENTER"},"outsideLabels":[],"style":{"background":"transparent","borderColor":"#000000","borderSize":1,"borderRadius":0,"borderStyle":"Solid"},"childrenLayoutStrategy":{"areChildNodesDraggable":true,"topGap":0,"bottomGap":10,"growableNodeIds":[],"kind":"List"},"borderNodes":[],"childNodes":[],"defaultWidth":125,"defaultHeight":60,"labelEditable":false,"pinned":false},{"id":"8315c401-145a-322f-8500-76890c79368b","type":"node:rectangle","targetObjectId":"bd92f1cb-fa7a-4f73-add2-0c3245ca84a2","targetObjectKind":"siriusComponents://semantic?domain=sysml&entity=RequirementUsage","targetObjectLabel":"monitoring","descriptionId":"siriusComponents://nodeDescription?sourceKind=view&sourceId=8dcd14b0-6259-3193-ad2c-743f394c68e4&sourceElementId=c35b155a-ef54-3fd5-8925-9f1da66fb66b","borderNode":false,"modifiers":["Hidden"],"state":"Hidden","collapsingState":"EXPANDED","insideLabel":{"id":"14d7b9ea-76ff-3e6b-90e6-b02c6840394a","text":"require constraints","insideLabelLocation":"TOP_CENTER","style":{"color":"#000000","fontSize":12,"bold":false,"italic":true,"underline":false,"strikeThrough":false,"iconURL":[],"background":"transparent","borderColor":"black","borderSize":0,"borderRadius":3,"borderStyle":"Solid","maxWidth":null},"isHeader":true,"headerSeparatorDisplayMode":"NEVER","overflowStrategy":"NONE","textAlign":"CENTER"},"outsideLabels":[],"style":{"background":"transparent","borderColor":"#000000","borderSize":1,"borderRadius":0,"borderStyle":"Solid"},"childrenLayoutStrategy":{"areChildNodesDraggable":true,"topGap":0,"bottomGap":10,"growableNodeIds":[],"kind":"List"},"borderNodes":[],"childNodes":[],"defaultWidth":125,"defaultHeight":60,"labelEditable":false,"pinned":false},{"id":"affbda29-9129-3893-9f96-c81538efbf31","type":"node:rectangle","targetObjectId":"bd92f1cb-fa7a-4f73-add2-0c3245ca84a2","targetObjectKind":"siriusComponents://semantic?domain=sysml&entity=RequirementUsage","targetObjectLabel":"monitoring","descriptionId":"siriusComponents://nodeDescription?sourceKind=view&sourceId=8dcd14b0-6259-3193-ad2c-743f394c68e4&sourceElementId=4d4fa034-2b92-36f6-9b8d-872703419b56","borderNode":false,"modifiers":["Hidden"],"state":"Hidden","collapsingState":"EXPANDED","insideLabel":{"id":"54ced31e-fd23-30b2-8c25-f4c1254f9677","text":"subject","insideLabelLocation":"TOP_CENTER","style":{"color":"#000000","fontSize":12,"bold":false,"italic":true,"underline":false,"strikeThrough":false,"iconURL":[],"background":"transparent","borderColor":"black","borderSize":0,"borderRadius":3,"borderStyle":"Solid","maxWidth":null},"isHeader":true,"headerSeparatorDisplayMode":"NEVER","overflowStrategy":"NONE","textAlign":"CENTER"},"outsideLabels":[],"style":{"background":"transparent","borderColor":"#000000","borderSize":1,"borderRadius":0,"borderStyle":"Solid"},"childrenLayoutStrategy":{"areChildNodesDraggable":true,"topGap":0,"bottomGap":10,"growableNodeIds":[],"kind":"List"},"borderNodes":[],"childNodes":[],"defaultWidth":125,"defaultHeight":60,"labelEditable":false,"pinned":false},{"id":"705dd2f9-09e0-3bac-a362-ef84ef02b348","type":"node:rectangle","targetObjectId":"bd92f1cb-fa7a-4f73-add2-0c3245ca84a2","targetObjectKind":"siriusComponents://semantic?domain=sysml&entity=RequirementUsage","targetObjectLabel":"monitoring","descriptionId":"siriusComponents://nodeDescription?sourceKind=view&sourceId=8dcd14b0-6259-3193-ad2c-743f394c68e4&sourceElementId=d44c436c-8886-37fb-86db-a35a90c2124f","borderNode":false,"modifiers":["Hidden"],"state":"Hidden","collapsingState":"EXPANDED","insideLabel":{"id":"79e2bc84-4c5b-31ba-8e7e-928379d8c9ae","text":"actors","insideLabelLocation":"TOP_CENTER","style":{"color":"#000000","fontSize":12,"bold":false,"italic":true,"underline":false,"strikeThrough":false,"iconURL":[],"background":"transparent","borderColor":"black","borderSize":0,"borderRadius":3,"borderStyle":"Solid","maxWidth":null},"isHeader":true,"headerSeparatorDisplayMode":"NEVER","overflowStrategy":"NONE","textAlign":"CENTER"},"outsideLabels":[],"style":{"background":"transparent","borderColor":"#000000","borderSize":1,"borderRadius":0,"borderStyle":"Solid"},"childrenLayoutStrategy":{"areChildNodesDraggable":true,"topGap":0,"bottomGap":10,"growableNodeIds":[],"kind":"List"},"borderNodes":[],"childNodes":[],"defaultWidth":125,"defaultHeight":60,"labelEditable":false,"pinned":false},{"id":"feda9079-9bcc-3341-a3af-a80c8cf04b9c","type":"node:rectangle","targetObjectId":"bd92f1cb-fa7a-4f73-add2-0c3245ca84a2","targetObjectKind":"siriusComponents://semantic?domain=sysml&entity=RequirementUsage","targetObjectLabel":"monitoring","descriptionId":"siriusComponents://nodeDescription?sourceKind=view&sourceId=8dcd14b0-6259-3193-ad2c-743f394c68e4&sourceElementId=d84402c7-c521-317a-b4a6-01844a34de97","borderNode":false,"modifiers":["Hidden"],"state":"Hidden","collapsingState":"EXPANDED","insideLabel":{"id":"c68a868f-28d7-324e-8f4e-e770c93ad216","text":"stakeholders","insideLabelLocation":"TOP_CENTER","style":{"color":"#000000","fontSize":12,"bold":false,"italic":true,"underline":false,"strikeThrough":false,"iconURL":[],"background":"transparent","borderColor":"black","borderSize":0,"borderRadius":3,"borderStyle":"Solid","maxWidth":null},"isHeader":true,"headerSeparatorDisplayMode":"NEVER","overflowStrategy":"NONE","textAlign":"CENTER"},"outsideLabels":[],"style":{"background":"transparent","borderColor":"#000000","borderSize":1,"borderRadius":0,"borderStyle":"Solid"},"childrenLayoutStrategy":{"areChildNodesDraggable":true,"topGap":0,"bottomGap":10,"growableNodeIds":[],"kind":"List"},"borderNodes":[],"childNodes":[{"id":"c4cc3109-af3b-345a-adb2-68bdb81c7219","type":"node:icon-label","targetObjectId":"36bbc954-190f-41aa-9bf5-9796f4fe53ea","targetObjectKind":"siriusComponents://semantic?domain=sysml&entity=PartUsage","targetObjectLabel":"stakeholder1","descriptionId":"siriusComponents://nodeDescription?sourceKind=view&sourceId=8dcd14b0-6259-3193-ad2c-743f394c68e4&sourceElementId=3e3ef389-a3a0-38f8-b236-ebb7d76f4e84","borderNode":false,"modifiers":[],"state":"Hidden","collapsingState":"EXPANDED","insideLabel":{"id":"4937bade-fc56-3f20-a1dc-a506289a8113","text":"stakeholder1 :> farmer","insideLabelLocation":"TOP_LEFT","style":{"color":"#000000","fontSize":14,"bold":false,"italic":false,"underline":false,"strikeThrough":false,"iconURL":["/icons/full/obj16/PartUsage.svg"],"background":"transparent","borderColor":"black","borderSize":0,"borderRadius":3,"borderStyle":"Solid","maxWidth":null},"isHeader":false,"headerSeparatorDisplayMode":"NEVER","overflowStrategy":"WRAP","textAlign":"LEFT"},"outsideLabels":[],"style":{"background":"transparent"},"childrenLayoutStrategy":null,"borderNodes":[],"childNodes":[],"defaultWidth":125,"defaultHeight":15,"labelEditable":true,"pinned":false}],"defaultWidth":125,"defaultHeight":60,"labelEditable":false,"pinned":false}],"defaultWidth":125,"defaultHeight":60,"labelEditable":true,"pinned":false},{"id":"8db5c940-bafd-3f45-9c26-cbae797c2613","type":"node:rectangle","targetObjectId":"d42bf1d0-bc7b-4715-9762-ac6cbfe0f763","targetObjectKind":"siriusComponents://semantic?domain=sysml&entity=RequirementUsage","targetObjectLabel":"navigation","descriptionId":"siriusComponents://nodeDescription?sourceKind=view&sourceId=8dcd14b0-6259-3193-ad2c-743f394c68e4&sourceElementId=ac6d2b47-110c-3c85-ac67-f78f5c481433","borderNode":false,"modifiers":[],"state":"Normal","collapsingState":"EXPANDED","insideLabel":{"id":"eb7732b3-4f0f-38bc-84e2-2b42d3cb5357","text":"«requirement»\n<SHN 02> navigation : Fully_Autonomous_Navigation_And_Decision-Making","insideLabelLocation":"TOP_CENTER","style":{"color":"#000000","fontSize":14,"bold":false,"italic":false,"underline":false,"strikeThrough":false,"iconURL":["/icons/full/obj16/RequirementUsage.svg"],"background":"transparent","borderColor":"black","borderSize":0,"borderRadius":3,"borderStyle":"Solid","maxWidth":null},"isHeader":true,"headerSeparatorDisplayMode":"IF_CHILDREN","overflowStrategy":"NONE","textAlign":"CENTER"},"outsideLabels":[],"style":{"background":"#ffffff","borderColor":"#000000","borderSize":1,"borderRadius":10,"borderStyle":"Solid"},"childrenLayoutStrategy":{"areChildNodesDraggable":false,"topGap":0,"bottomGap":0,"growableNodeIds":[],"kind":"List"},"borderNodes":[],"childNodes":[{"id":"f811bdae-7bf8-3eab-85d7-b3fb731be3a8","type":"node:rectangle","targetObjectId":"d42bf1d0-bc7b-4715-9762-ac6cbfe0f763","targetObjectKind":"siriusComponents://semantic?domain=sysml&entity=RequirementUsage","targetObjectLabel":"navigation","descriptionId":"siriusComponents://nodeDescription?sourceKind=view&sourceId=8dcd14b0-6259-3193-ad2c-743f394c68e4&sourceElementId=2dcb3118-bc32-367c-9dcc-db7ac6d23021","borderNode":false,"modifiers":["Hidden"],"state":"Hidden","collapsingState":"EXPANDED","insideLabel":{"id":"777a52ff-c16d-384b-b220-6bb5c7c349e5","text":"doc","insideLabelLocation":"TOP_CENTER","style":{"color":"#000000","fontSize":12,"bold":false,"italic":true,"underline":false,"strikeThrough":false,"iconURL":[],"background":"transparent","borderColor":"black","borderSize":0,"borderRadius":3,"borderStyle":"Solid","maxWidth":null},"isHeader":true,"headerSeparatorDisplayMode":"NEVER","overflowStrategy":"NONE","textAlign":"CENTER"},"outsideLabels":[],"style":{"background":"transparent","borderColor":"#000000","borderSize":1,"borderRadius":0,"borderStyle":"Solid"},"childrenLayoutStrategy":{"areChildNodesDraggable":true,"topGap":0,"bottomGap":10,"growableNodeIds":[],"kind":"List"},"borderNodes":[],"childNodes":[],"defaultWidth":125,"defaultHeight":60,"labelEditable":false,"pinned":false},{"id":"ef656c03-5ba2-3829-8532-c6ea60162825","type":"node:rectangle","targetObjectId":"d42bf1d0-bc7b-4715-9762-ac6cbfe0f763","targetObjectKind":"siriusComponents://semantic?domain=sysml&entity=RequirementUsage","targetObjectLabel":"navigation","descriptionId":"siriusComponents://nodeDescription?sourceKind=view&sourceId=8dcd14b0-6259-3193-ad2c-743f394c68e4&sourceElementId=8a2d27b2-f4d9-3d4e-a16d-2604b01d8f47","borderNode":false,"modifiers":["Hidden"],"state":"Hidden","collapsingState":"EXPANDED","insideLabel":{"id":"f43dd08d-91c7-37eb-86af-50b1132bf421","text":"attributes","insideLabelLocation":"TOP_CENTER","style":{"color":"#000000","fontSize":12,"bold":false,"italic":true,"underline":false,"strikeThrough":false,"iconURL":[],"background":"transparent","borderColor":"black","borderSize":0,"borderRadius":3,"borderStyle":"Solid","maxWidth":null},"isHeader":true,"headerSeparatorDisplayMode":"NEVER","overflowStrategy":"NONE","textAlign":"CENTER"},"outsideLabels":[],"style":{"background":"transparent","borderColor":"#000000","borderSize":1,"borderRadius":0,"borderStyle":"Solid"},"childrenLayoutStrategy":{"areChildNodesDraggable":true,"topGap":0,"bottomGap":10,"growableNodeIds":[],"kind":"List"},"borderNodes":[],"childNodes":[],"defaultWidth":125,"defaultHeight":60,"labelEditable":false,"pinned":false},{"id":"4ce92ab1-acf4-300b-bc84-57e80df13b99","type":"node:rectangle","targetObjectId":"d42bf1d0-bc7b-4715-9762-ac6cbfe0f763","targetObjectKind":"siriusComponents://semantic?domain=sysml&entity=RequirementUsage","targetObjectLabel":"navigation","descriptionId":"siriusComponents://nodeDescription?sourceKind=view&sourceId=8dcd14b0-6259-3193-ad2c-743f394c68e4&sourceElementId=e4ec1b26-6866-31f7-9b0e-a54bc02bbd2d","borderNode":false,"modifiers":["Hidden"],"state":"Hidden","collapsingState":"EXPANDED","insideLabel":{"id":"ab46188e-6234-303b-abdb-c0fa03c3fe24","text":"assume constraints","insideLabelLocation":"TOP_CENTER","style":{"color":"#000000","fontSize":12,"bold":false,"italic":true,"underline":false,"strikeThrough":false,"iconURL":[],"background":"transparent","borderColor":"black","borderSize":0,"borderRadius":3,"borderStyle":"Solid","maxWidth":null},"isHeader":true,"headerSeparatorDisplayMode":"NEVER","overflowStrategy":"NONE","textAlign":"CENTER"},"outsideLabels":[],"style":{"background":"transparent","borderColor":"#000000","borderSize":1,"borderRadius":0,"borderStyle":"Solid"},"childrenLayoutStrategy":{"areChildNodesDraggable":true,"topGap":0,"bottomGap":10,"growableNodeIds":[],"kind":"List"},"borderNodes":[],"childNodes":[],"defaultWidth":125,"defaultHeight":60,"labelEditable":false,"pinned":false},{"id":"9e1953e1-dca6-390b-be38-9b6fe5426246","type":"node:rectangle","targetObjectId":"d42bf1d0-bc7b-4715-9762-ac6cbfe0f763","targetObjectKind":"siriusComponents://semantic?domain=sysml&entity=RequirementUsage","targetObjectLabel":"navigation","descriptionId":"siriusComponents://nodeDescription?sourceKind=view&sourceId=8dcd14b0-6259-3193-ad2c-743f394c68e4&sourceElementId=c35b155a-ef54-3fd5-8925-9f1da66fb66b","borderNode":false,"modifiers":["Hidden"],"state":"Hidden","collapsingState":"EXPANDED","insideLabel":{"id":"2645bf63-442d-3d45-8f9c-a32195242809","text":"require constraints","insideLabelLocation":"TOP_CENTER","style":{"color":"#000000","fontSize":12,"bold":false,"italic":true,"underline":false,"strikeThrough":false,"iconURL":[],"background":"transparent","borderColor":"black","borderSize":0,"borderRadius":3,"borderStyle":"Solid","maxWidth":null},"isHeader":true,"headerSeparatorDisplayMode":"NEVER","overflowStrategy":"NONE","textAlign":"CENTER"},"outsideLabels":[],"style":{"background":"transparent","borderColor":"#000000","borderSize":1,"borderRadius":0,"borderStyle":"Solid"},"childrenLayoutStrategy":{"areChildNodesDraggable":true,"topGap":0,"bottomGap":10,"growableNodeIds":[],"kind":"List"},"borderNodes":[],"childNodes":[],"defaultWidth":125,"defaultHeight":60,"labelEditable":false,"pinned":false},{"id":"26b2723f-c80d-3998-8410-5717ce6c88db","type":"node:rectangle","targetObjectId":"d42bf1d0-bc7b-4715-9762-ac6cbfe0f763","targetObjectKind":"siriusComponents://semantic?domain=sysml&entity=RequirementUsage","targetObjectLabel":"navigation","descriptionId":"siriusComponents://nodeDescription?sourceKind=view&sourceId=8dcd14b0-6259-3193-ad2c-743f394c68e4&sourceElementId=4d4fa034-2b92-36f6-9b8d-872703419b56","borderNode":false,"modifiers":["Hidden"],"state":"Hidden","collapsingState":"EXPANDED","insideLabel":{"id":"a4e7e183-c205-3d7f-ab81-faa2358e768d","text":"subject","insideLabelLocation":"TOP_CENTER","style":{"color":"#000000","fontSize":12,"bold":false,"italic":true,"underline":false,"strikeThrough":false,"iconURL":[],"background":"transparent","borderColor":"black","borderSize":0,"borderRadius":3,"borderStyle":"Solid","maxWidth":null},"isHeader":true,"headerSeparatorDisplayMode":"NEVER","overflowStrategy":"NONE","textAlign":"CENTER"},"outsideLabels":[],"style":{"background":"transparent","borderColor":"#000000","borderSize":1,"borderRadius":0,"borderStyle":"Solid"},"childrenLayoutStrategy":{"areChildNodesDraggable":true,"topGap":0,"bottomGap":10,"growableNodeIds":[],"kind":"List"},"borderNodes":[],"childNodes":[],"defaultWidth":125,"defaultHeight":60,"labelEditable":false,"pinned":false},{"id":"3087ea20-8d19-34df-a08e-b48539f9055f","type":"node:rectangle","targetObjectId":"d42bf1d0-bc7b-4715-9762-ac6cbfe0f763","targetObjectKind":"siriusComponents://semantic?domain=sysml&entity=RequirementUsage","targetObjectLabel":"navigation","descriptionId":"siriusComponents://nodeDescription?sourceKind=view&sourceId=8dcd14b0-6259-3193-ad2c-743f394c68e4&sourceElementId=d44c436c-8886-37fb-86db-a35a90c2124f","borderNode":false,"modifiers":["Hidden"],"state":"Hidden","collapsingState":"EXPANDED","insideLabel":{"id":"f71af2d8-0a56-35d6-bca8-7f82127ec715","text":"actors","insideLabelLocation":"TOP_CENTER","style":{"color":"#000000","fontSize":12,"bold":false,"italic":true,"underline":false,"strikeThrough":false,"iconURL":[],"background":"transparent","borderColor":"black","borderSize":0,"borderRadius":3,"borderStyle":"Solid","maxWidth":null},"isHeader":true,"headerSeparatorDisplayMode":"NEVER","overflowStrategy":"NONE","textAlign":"CENTER"},"outsideLabels":[],"style":{"background":"transparent","borderColor":"#000000","borderSize":1,"borderRadius":0,"borderStyle":"Solid"},"childrenLayoutStrategy":{"areChildNodesDraggable":true,"topGap":0,"bottomGap":10,"growableNodeIds":[],"kind":"List"},"borderNodes":[],"childNodes":[],"defaultWidth":125,"defaultHeight":60,"labelEditable":false,"pinned":false},{"id":"8e35b180-ccb5-3f09-aa21-2e804549723a","type":"node:rectangle","targetObjectId":"d42bf1d0-bc7b-4715-9762-ac6cbfe0f763","targetObjectKind":"siriusComponents://semantic?domain=sysml&entity=RequirementUsage","targetObjectLabel":"navigation","descriptionId":"siriusComponents://nodeDescription?sourceKind=view&sourceId=8dcd14b0-6259-3193-ad2c-743f394c68e4&sourceElementId=d84402c7-c521-317a-b4a6-01844a34de97","borderNode":false,"modifiers":["Hidden"],"state":"Hidden","collapsingState":"EXPANDED","insideLabel":{"id":"9baeb083-9402-3afe-9e27-340169773789","text":"stakeholders","insideLabelLocation":"TOP_CENTER","style":{"color":"#000000","fontSize":12,"bold":false,"italic":true,"underline":false,"strikeThrough":false,"iconURL":[],"background":"transparent","borderColor":"black","borderSize":0,"borderRadius":3,"borderStyle":"Solid","maxWidth":null},"isHeader":true,"headerSeparatorDisplayMode":"NEVER","overflowStrategy":"NONE","textAlign":"CENTER"},"outsideLabels":[],"style":{"background":"transparent","borderColor":"#000000","borderSize":1,"borderRadius":0,"borderStyle":"Solid"},"childrenLayoutStrategy":{"areChildNodesDraggable":true,"topGap":0,"bottomGap":10,"growableNodeIds":[],"kind":"List"},"borderNodes":[],"childNodes":[{"id":"a1fd0216-e6a5-3e40-b903-591795c7e733","type":"node:icon-label","targetObjectId":"c3268647-bf07-4172-8744-a28b67456ec7","targetObjectKind":"siriusComponents://semantic?domain=sysml&entity=PartUsage","targetObjectLabel":"stakeholder1","descriptionId":"siriusComponents://nodeDescription?sourceKind=view&sourceId=8dcd14b0-6259-3193-ad2c-743f394c68e4&sourceElementId=3e3ef389-a3a0-38f8-b236-ebb7d76f4e84","borderNode":false,"modifiers":[],"state":"Hidden","collapsingState":"EXPANDED","insideLabel":{"id":"4d4fc3bc-9daf-34d5-8532-536f6b87236c","text":"stakeholder1 :> farm_manager","insideLabelLocation":"TOP_LEFT","style":{"color":"#000000","fontSize":14,"bold":false,"italic":false,"underline":false,"strikeThrough":false,"iconURL":["/icons/full/obj16/PartUsage.svg"],"background":"transparent","borderColor":"black","borderSize":0,"borderRadius":3,"borderStyle":"Solid","maxWidth":null},"isHeader":false,"headerSeparatorDisplayMode":"NEVER","overflowStrategy":"WRAP","textAlign":"LEFT"},"outsideLabels":[],"style":{"background":"transparent"},"childrenLayoutStrategy":null,"borderNodes":[],"childNodes":[],"defaultWidth":125,"defaultHeight":15,"labelEditable":true,"pinned":false}],"defaultWidth":125,"defaultHeight":60,"labelEditable":false,"pinned":false}],"defaultWidth":125,"defaultHeight":60,"labelEditable":true,"pinned":false},{"id":"ef495630-4064-3ac3-b835-47cc40d78a0d","type":"node:rectangle","targetObjectId":"cea395b2-f8f5-4340-9f87-145cc56ea1dc","targetObjectKind":"siriusComponents://semantic?domain=sysml&entity=RequirementUsage","targetObjectLabel":"precesion_spray_area","descriptionId":"siriusComponents://nodeDescription?sourceKind=view&sourceId=8dcd14b0-6259-3193-ad2c-743f394c68e4&sourceElementId=ac6d2b47-110c-3c85-ac67-f78f5c481433","borderNode":false,"modifiers":[],"state":"Normal","collapsingState":"EXPANDED","insideLabel":{"id":"9227a076-35c2-3afc-98b6-e45157a04319","text":"«requirement»\n<REQ 01> precesion_spray_area : coverage_accuracy_requriement","insideLabelLocation":"TOP_CENTER","style":{"color":"#000000","fontSize":14,"bold":false,"italic":false,"underline":false,"strikeThrough":false,"iconURL":["/icons/full/obj16/RequirementUsage.svg"],"background":"transparent","borderColor":"black","borderSize":0,"borderRadius":3,"borderStyle":"Solid","maxWidth":null},"isHeader":true,"headerSeparatorDisplayMode":"IF_CHILDREN","overflowStrategy":"NONE","textAlign":"CENTER"},"outsideLabels":[],"style":{"background":"#ffffff","borderColor":"#000000","borderSize":1,"borderRadius":10,"borderStyle":"Solid"},"childrenLayoutStrategy":{"areChildNodesDraggable":false,"topGap":0,"bottomGap":0,"growableNodeIds":[],"kind":"List"},"borderNodes":[],"childNodes":[{"id":"8e7fcd7b-64e4-31bf-bf07-642e7856e550","type":"node:rectangle","targetObjectId":"cea395b2-f8f5-4340-9f87-145cc56ea1dc","targetObjectKind":"siriusComponents://semantic?domain=sysml&entity=RequirementUsage","targetObjectLabel":"precesion_spray_area","descriptionId":"siriusComponents://nodeDescription?sourceKind=view&sourceId=8dcd14b0-6259-3193-ad2c-743f394c68e4&sourceElementId=2dcb3118-bc32-367c-9dcc-db7ac6d23021","borderNode":false,"modifiers":["Hidden"],"state":"Hidden","collapsingState":"EXPANDED","insideLabel":{"id":"7d23fd31-fc16-32a5-8747-a7c682776c13","text":"doc","insideLabelLocation":"TOP_CENTER","style":{"color":"#000000","fontSize":12,"bold":false,"italic":true,"underline":false,"strikeThrough":false,"iconURL":[],"background":"transparent","borderColor":"black","borderSize":0,"borderRadius":3,"borderStyle":"Solid","maxWidth":null},"isHeader":true,"headerSeparatorDisplayMode":"NEVER","overflowStrategy":"NONE","textAlign":"CENTER"},"outsideLabels":[],"style":{"background":"transparent","borderColor":"#000000","borderSize":1,"borderRadius":0,"borderStyle":"Solid"},"childrenLayoutStrategy":{"areChildNodesDraggable":true,"topGap":0,"bottomGap":10,"growableNodeIds":[],"kind":"List"},"borderNodes":[],"childNodes":[],"defaultWidth":125,"defaultHeight":60,"labelEditable":false,"pinned":false},{"id":"7620e449-87f6-3f8b-8888-f5ab24c1d4b0","type":"node:rectangle","targetObjectId":"cea395b2-f8f5-4340-9f87-145cc56ea1dc","targetObjectKind":"siriusComponents://semantic?domain=sysml&entity=RequirementUsage","targetObjectLabel":"precesion_spray_area","descriptionId":"siriusComponents://nodeDescription?sourceKind=view&sourceId=8dcd14b0-6259-3193-ad2c-743f394c68e4&sourceElementId=8a2d27b2-f4d9-3d4e-a16d-2604b01d8f47","borderNode":false,"modifiers":["Hidden"],"state":"Hidden","collapsingState":"EXPANDED","insideLabel":{"id":"ecb8a850-118f-3805-9b7a-0a320f7db14d","text":"attributes","insideLabelLocation":"TOP_CENTER","style":{"color":"#000000","fontSize":12,"bold":false,"italic":true,"underline":false,"strikeThrough":false,"iconURL":[],"background":"transparent","borderColor":"black","borderSize":0,"borderRadius":3,"borderStyle":"Solid","maxWidth":null},"isHeader":true,"headerSeparatorDisplayMode":"NEVER","overflowStrategy":"NONE","textAlign":"CENTER"},"outsideLabels":[],"style":{"background":"transparent","borderColor":"#000000","borderSize":1,"borderRadius":0,"borderStyle":"Solid"},"childrenLayoutStrategy":{"areChildNodesDraggable":true,"topGap":0,"bottomGap":10,"growableNodeIds":[],"kind":"List"},"borderNodes":[],"childNodes":[],"defaultWidth":125,"defaultHeight":60,"labelEditable":false,"pinned":false},{"id":"6302d855-e8c0-3158-8dc7-15fdc8ebc182","type":"node:rectangle","targetObjectId":"cea395b2-f8f5-4340-9f87-145cc56ea1dc","targetObjectKind":"siriusComponents://semantic?domain=sysml&entity=RequirementUsage","targetObjectLabel":"precesion_spray_area","descriptionId":"siriusComponents://nodeDescription?sourceKind=view&sourceId=8dcd14b0-6259-3193-ad2c-743f394c68e4&sourceElementId=e4ec1b26-6866-31f7-9b0e-a54bc02bbd2d","borderNode":false,"modifiers":["Hidden"],"state":"Hidden","collapsingState":"EXPANDED","insideLabel":{"id":"6a961ad7-7e6a-3773-be46-857c3becdf1d","text":"assume constraints","insideLabelLocation":"TOP_CENTER","style":{"color":"#000000","fontSize":12,"bold":false,"italic":true,"underline":false,"strikeThrough":false,"iconURL":[],"background":"transparent","borderColor":"black","borderSize":0,"borderRadius":3,"borderStyle":"Solid","maxWidth":null},"isHeader":true,"headerSeparatorDisplayMode":"NEVER","overflowStrategy":"NONE","textAlign":"CENTER"},"outsideLabels":[],"style":{"background":"transparent","borderColor":"#000000","borderSize":1,"borderRadius":0,"borderStyle":"Solid"},"childrenLayoutStrategy":{"areChildNodesDraggable":true,"topGap":0,"bottomGap":10,"growableNodeIds":[],"kind":"List"},"borderNodes":[],"childNodes":[],"defaultWidth":125,"defaultHeight":60,"labelEditable":false,"pinned":false},{"id":"d6ad65a3-e5d4-3cbb-86e1-912840576555","type":"node:rectangle","targetObjectId":"cea395b2-f8f5-4340-9f87-145cc56ea1dc","targetObjectKind":"siriusComponents://semantic?domain=sysml&entity=RequirementUsage","targetObjectLabel":"precesion_spray_area","descriptionId":"siriusComponents://nodeDescription?sourceKind=view&sourceId=8dcd14b0-6259-3193-ad2c-743f394c68e4&sourceElementId=c35b155a-ef54-3fd5-8925-9f1da66fb66b","borderNode":false,"modifiers":["Hidden"],"state":"Hidden","collapsingState":"EXPANDED","insideLabel":{"id":"9bce9290-6c76-3c2a-8cd2-6860ddd4f4bc","text":"require constraints","insideLabelLocation":"TOP_CENTER","style":{"color":"#000000","fontSize":12,"bold":false,"italic":true,"underline":false,"strikeThrough":false,"iconURL":[],"background":"transparent","borderColor":"black","borderSize":0,"borderRadius":3,"borderStyle":"Solid","maxWidth":null},"isHeader":true,"headerSeparatorDisplayMode":"NEVER","overflowStrategy":"NONE","textAlign":"CENTER"},"outsideLabels":[],"style":{"background":"transparent","borderColor":"#000000","borderSize":1,"borderRadius":0,"borderStyle":"Solid"},"childrenLayoutStrategy":{"areChildNodesDraggable":true,"topGap":0,"bottomGap":10,"growableNodeIds":[],"kind":"List"},"borderNodes":[],"childNodes":[],"defaultWidth":125,"defaultHeight":60,"labelEditable":false,"pinned":false},{"id":"760a4d9e-8358-3375-9992-19ac1e99ac1f","type":"node:rectangle","targetObjectId":"cea395b2-f8f5-4340-9f87-145cc56ea1dc","targetObjectKind":"siriusComponents://semantic?domain=sysml&entity=RequirementUsage","targetObjectLabel":"precesion_spray_area","descriptionId":"siriusComponents://nodeDescription?sourceKind=view&sourceId=8dcd14b0-6259-3193-ad2c-743f394c68e4&sourceElementId=4d4fa034-2b92-36f6-9b8d-872703419b56","borderNode":false,"modifiers":["Hidden"],"state":"Hidden","collapsingState":"EXPANDED","insideLabel":{"id":"35ee29b7-93a6-329d-8337-ab8a623c95f2","text":"subject","insideLabelLocation":"TOP_CENTER","style":{"color":"#000000","fontSize":12,"bold":false,"italic":true,"underline":false,"strikeThrough":false,"iconURL":[],"background":"transparent","borderColor":"black","borderSize":0,"borderRadius":3,"borderStyle":"Solid","maxWidth":null},"isHeader":true,"headerSeparatorDisplayMode":"NEVER","overflowStrategy":"NONE","textAlign":"CENTER"},"outsideLabels":[],"style":{"background":"transparent","borderColor":"#000000","borderSize":1,"borderRadius":0,"borderStyle":"Solid"},"childrenLayoutStrategy":{"areChildNodesDraggable":true,"topGap":0,"bottomGap":10,"growableNodeIds":[],"kind":"List"},"borderNodes":[],"childNodes":[],"defaultWidth":125,"defaultHeight":60,"labelEditable":false,"pinned":false},{"id":"da808bdf-fa01-3780-822f-1bf84019fced","type":"node:rectangle","targetObjectId":"cea395b2-f8f5-4340-9f87-145cc56ea1dc","targetObjectKind":"siriusComponents://semantic?domain=sysml&entity=RequirementUsage","targetObjectLabel":"precesion_spray_area","descriptionId":"siriusComponents://nodeDescription?sourceKind=view&sourceId=8dcd14b0-6259-3193-ad2c-743f394c68e4&sourceElementId=d44c436c-8886-37fb-86db-a35a90c2124f","borderNode":false,"modifiers":["Hidden"],"state":"Hidden","collapsingState":"EXPANDED","insideLabel":{"id":"eba73b00-ee68-392e-9b89-f7617fb2c0fc","text":"actors","insideLabelLocation":"TOP_CENTER","style":{"color":"#000000","fontSize":12,"bold":false,"italic":true,"underline":false,"strikeThrough":false,"iconURL":[],"background":"transparent","borderColor":"black","borderSize":0,"borderRadius":3,"borderStyle":"Solid","maxWidth":null},"isHeader":true,"headerSeparatorDisplayMode":"NEVER","overflowStrategy":"NONE","textAlign":"CENTER"},"outsideLabels":[],"style":{"background":"transparent","borderColor":"#000000","borderSize":1,"borderRadius":0,"borderStyle":"Solid"},"childrenLayoutStrategy":{"areChildNodesDraggable":true,"topGap":0,"bottomGap":10,"growableNodeIds":[],"kind":"List"},"borderNodes":[],"childNodes":[],"defaultWidth":125,"defaultHeight":60,"labelEditable":false,"pinned":false},{"id":"61e83250-abc4-3cea-aa62-70c0722bfdd9","type":"node:rectangle","targetObjectId":"cea395b2-f8f5-4340-9f87-145cc56ea1dc","targetObjectKind":"siriusComponents://semantic?domain=sysml&entity=RequirementUsage","targetObjectLabel":"precesion_spray_area","descriptionId":"siriusComponents://nodeDescription?sourceKind=view&sourceId=8dcd14b0-6259-3193-ad2c-743f394c68e4&sourceElementId=d84402c7-c521-317a-b4a6-01844a34de97","borderNode":false,"modifiers":["Hidden"],"state":"Hidden","collapsingState":"EXPANDED","insideLabel":{"id":"ca26b498-dc04-36ad-bcc6-4bfbacdb1f22","text":"stakeholders","insideLabelLocation":"TOP_CENTER","style":{"color":"#000000","fontSize":12,"bold":false,"italic":true,"underline":false,"strikeThrough":false,"iconURL":[],"background":"transparent","borderColor":"black","borderSize":0,"borderRadius":3,"borderStyle":"Solid","maxWidth":null},"isHeader":true,"headerSeparatorDisplayMode":"NEVER","overflowStrategy":"NONE","textAlign":"CENTER"},"outsideLabels":[],"style":{"background":"transparent","borderColor":"#000000","borderSize":1,"borderRadius":0,"borderStyle":"Solid"},"childrenLayoutStrategy":{"areChildNodesDraggable":true,"topGap":0,"bottomGap":10,"growableNodeIds":[],"kind":"List"},"borderNodes":[],"childNodes":[],"defaultWidth":125,"defaultHeight":60,"labelEditable":false,"pinned":false}],"defaultWidth":125,"defaultHeight":60,"labelEditable":true,"pinned":false},{"id":"4a98fb19-a716-3fe7-9c49-1df8fceab9a9","type":"node:rectangle","targetObjectId":"47c4a28a-83f5-4022-8fe3-852bf77b1b67","targetObjectKind":"siriusComponents://semantic?domain=sysml&entity=RequirementUsage","targetObjectLabel":"chemical_dosage","descriptionId":"siriusComponents://nodeDescription?sourceKind=view&sourceId=8dcd14b0-6259-3193-ad2c-743f394c68e4&sourceElementId=ac6d2b47-110c-3c85-ac67-f78f5c481433","borderNode":false,"modifiers":[],"state":"Normal","collapsingState":"EXPANDED","insideLabel":{"id":"af181f03-531e-322b-9855-dc1e12387869","text":"«requirement»\n<REQ 02> chemical_dosage : chemical_spray_requriement","insideLabelLocation":"TOP_CENTER","style":{"color":"#000000","fontSize":14,"bold":false,"italic":false,"underline":false,"strikeThrough":false,"iconURL":["/icons/full/obj16/RequirementUsage.svg"],"background":"transparent","borderColor":"black","borderSize":0,"borderRadius":3,"borderStyle":"Solid","maxWidth":null},"isHeader":true,"headerSeparatorDisplayMode":"IF_CHILDREN","overflowStrategy":"NONE","textAlign":"CENTER"},"outsideLabels":[],"style":{"background":"#ffffff","borderColor":"#000000","borderSize":1,"borderRadius":10,"borderStyle":"Solid"},"childrenLayoutStrategy":{"areChildNodesDraggable":false,"topGap":0,"bottomGap":0,"growableNodeIds":[],"kind":"List"},"borderNodes":[],"childNodes":[{"id":"6cbb6327-5ae8-334a-9d33-cc0a01353e70","type":"node:rectangle","targetObjectId":"47c4a28a-83f5-4022-8fe3-852bf77b1b67","targetObjectKind":"siriusComponents://semantic?domain=sysml&entity=RequirementUsage","targetObjectLabel":"chemical_dosage","descriptionId":"siriusComponents://nodeDescription?sourceKind=view&sourceId=8dcd14b0-6259-3193-ad2c-743f394c68e4&sourceElementId=2dcb3118-bc32-367c-9dcc-db7ac6d23021","borderNode":false,"modifiers":["Hidden"],"state":"Hidden","collapsingState":"EXPANDED","insideLabel":{"id":"a138c19c-c4df-3304-b3f9-42d68b7a49a3","text":"doc","insideLabelLocation":"TOP_CENTER","style":{"color":"#000000","fontSize":12,"bold":false,"italic":true,"underline":false,"strikeThrough":false,"iconURL":[],"background":"transparent","borderColor":"black","borderSize":0,"borderRadius":3,"borderStyle":"Solid","maxWidth":null},"isHeader":true,"headerSeparatorDisplayMode":"NEVER","overflowStrategy":"NONE","textAlign":"CENTER"},"outsideLabels":[],"style":{"background":"transparent","borderColor":"#000000","borderSize":1,"borderRadius":0,"borderStyle":"Solid"},"childrenLayoutStrategy":{"areChildNodesDraggable":true,"topGap":0,"bottomGap":10,"growableNodeIds":[],"kind":"List"},"borderNodes":[],"childNodes":[],"defaultWidth":125,"defaultHeight":60,"labelEditable":false,"pinned":false},{"id":"61d5bb44-9d4d-39b8-ac0f-b265a2269da7","type":"node:rectangle","targetObjectId":"47c4a28a-83f5-4022-8fe3-852bf77b1b67","targetObjectKind":"siriusComponents://semantic?domain=sysml&entity=RequirementUsage","targetObjectLabel":"chemical_dosage","descriptionId":"siriusComponents://nodeDescription?sourceKind=view&sourceId=8dcd14b0-6259-3193-ad2c-743f394c68e4&sourceElementId=8a2d27b2-f4d9-3d4e-a16d-2604b01d8f47","borderNode":false,"modifiers":["Hidden"],"state":"Hidden","collapsingState":"EXPANDED","insideLabel":{"id":"3e556873-8ce3-35d7-933c-d0db6bdcbe72","text":"attributes","insideLabelLocation":"TOP_CENTER","style":{"color":"#000000","fontSize":12,"bold":false,"italic":true,"underline":false,"strikeThrough":false,"iconURL":[],"background":"transparent","borderColor":"black","borderSize":0,"borderRadius":3,"borderStyle":"Solid","maxWidth":null},"isHeader":true,"headerSeparatorDisplayMode":"NEVER","overflowStrategy":"NONE","textAlign":"CENTER"},"outsideLabels":[],"style":{"background":"transparent","borderColor":"#000000","borderSize":1,"borderRadius":0,"borderStyle":"Solid"},"childrenLayoutStrategy":{"areChildNodesDraggable":true,"topGap":0,"bottomGap":10,"growableNodeIds":[],"kind":"List"},"borderNodes":[],"childNodes":[],"defaultWidth":125,"defaultHeight":60,"labelEditable":false,"pinned":false},{"id":"4e11abf1-059f-3b3b-bea5-69801fb1ae0a","type":"node:rectangle","targetObjectId":"47c4a28a-83f5-4022-8fe3-852bf77b1b67","targetObjectKind":"siriusComponents://semantic?domain=sysml&entity=RequirementUsage","targetObjectLabel":"chemical_dosage","descriptionId":"siriusComponents://nodeDescription?sourceKind=view&sourceId=8dcd14b0-6259-3193-ad2c-743f394c68e4&sourceElementId=e4ec1b26-6866-31f7-9b0e-a54bc02bbd2d","borderNode":false,"modifiers":["Hidden"],"state":"Hidden","collapsingState":"EXPANDED","insideLabel":{"id":"54012bec-d2aa-3c2c-9b82-80cbde2d4da4","text":"assume constraints","insideLabelLocation":"TOP_CENTER","style":{"color":"#000000","fontSize":12,"bold":false,"italic":true,"underline":false,"strikeThrough":false,"iconURL":[],"background":"transparent","borderColor":"black","borderSize":0,"borderRadius":3,"borderStyle":"Solid","maxWidth":null},"isHeader":true,"headerSeparatorDisplayMode":"NEVER","overflowStrategy":"NONE","textAlign":"CENTER"},"outsideLabels":[],"style":{"background":"transparent","borderColor":"#000000","borderSize":1,"borderRadius":0,"borderStyle":"Solid"},"childrenLayoutStrategy":{"areChildNodesDraggable":true,"topGap":0,"bottomGap":10,"growableNodeIds":[],"kind":"List"},"borderNodes":[],"childNodes":[],"defaultWidth":125,"defaultHeight":60,"labelEditable":false,"pinned":false},{"id":"9fbeaba3-f88c-3cce-b11a-fc11446bf5eb","type":"node:rectangle","targetObjectId":"47c4a28a-83f5-4022-8fe3-852bf77b1b67","targetObjectKind":"siriusComponents://semantic?domain=sysml&entity=RequirementUsage","targetObjectLabel":"chemical_dosage","descriptionId":"siriusComponents://nodeDescription?sourceKind=view&sourceId=8dcd14b0-6259-3193-ad2c-743f394c68e4&sourceElementId=c35b155a-ef54-3fd5-8925-9f1da66fb66b","borderNode":false,"modifiers":["Hidden"],"state":"Hidden","collapsingState":"EXPANDED","insideLabel":{"id":"14c7735e-48c9-3bdb-a3a1-28c3c72d929e","text":"require constraints","insideLabelLocation":"TOP_CENTER","style":{"color":"#000000","fontSize":12,"bold":false,"italic":true,"underline":false,"strikeThrough":false,"iconURL":[],"background":"transparent","borderColor":"black","borderSize":0,"borderRadius":3,"borderStyle":"Solid","maxWidth":null},"isHeader":true,"headerSeparatorDisplayMode":"NEVER","overflowStrategy":"NONE","textAlign":"CENTER"},"outsideLabels":[],"style":{"background":"transparent","borderColor":"#000000","borderSize":1,"borderRadius":0,"borderStyle":"Solid"},"childrenLayoutStrategy":{"areChildNodesDraggable":true,"topGap":0,"bottomGap":10,"growableNodeIds":[],"kind":"List"},"borderNodes":[],"childNodes":[],"defaultWidth":125,"defaultHeight":60,"labelEditable":false,"pinned":false},{"id":"59c6614b-e0a3-370b-a736-1b2d591599cc","type":"node:rectangle","targetObjectId":"47c4a28a-83f5-4022-8fe3-852bf77b1b67","targetObjectKind":"siriusComponents://semantic?domain=sysml&entity=RequirementUsage","targetObjectLabel":"chemical_dosage","descriptionId":"siriusComponents://nodeDescription?sourceKind=view&sourceId=8dcd14b0-6259-3193-ad2c-743f394c68e4&sourceElementId=4d4fa034-2b92-36f6-9b8d-872703419b56","borderNode":false,"modifiers":["Hidden"],"state":"Hidden","collapsingState":"EXPANDED","insideLabel":{"id":"8b8e1fd8-3a08-3dcf-9574-eff56251dc8f","text":"subject","insideLabelLocation":"TOP_CENTER","style":{"color":"#000000","fontSize":12,"bold":false,"italic":true,"underline":false,"strikeThrough":false,"iconURL":[],"background":"transparent","borderColor":"black","borderSize":0,"borderRadius":3,"borderStyle":"Solid","maxWidth":null},"isHeader":true,"headerSeparatorDisplayMode":"NEVER","overflowStrategy":"NONE","textAlign":"CENTER"},"outsideLabels":[],"style":{"background":"transparent","borderColor":"#000000","borderSize":1,"borderRadius":0,"borderStyle":"Solid"},"childrenLayoutStrategy":{"areChildNodesDraggable":true,"topGap":0,"bottomGap":10,"growableNodeIds":[],"kind":"List"},"borderNodes":[],"childNodes":[],"defaultWidth":125,"defaultHeight":60,"labelEditable":false,"pinned":false},{"id":"37fe2c9b-673e-3904-bf2f-d94d7bdcd275","type":"node:rectangle","targetObjectId":"47c4a28a-83f5-4022-8fe3-852bf77b1b67","targetObjectKind":"siriusComponents://semantic?domain=sysml&entity=RequirementUsage","targetObjectLabel":"chemical_dosage","descriptionId":"siriusComponents://nodeDescription?sourceKind=view&sourceId=8dcd14b0-6259-3193-ad2c-743f394c68e4&sourceElementId=d44c436c-8886-37fb-86db-a35a90c2124f","borderNode":false,"modifiers":["Hidden"],"state":"Hidden","collapsingState":"EXPANDED","insideLabel":{"id":"7ea6583d-c574-373a-89f2-c7c4d03efcff","text":"actors","insideLabelLocation":"TOP_CENTER","style":{"color":"#000000","fontSize":12,"bold":false,"italic":true,"underline":false,"strikeThrough":false,"iconURL":[],"background":"transparent","borderColor":"black","borderSize":0,"borderRadius":3,"borderStyle":"Solid","maxWidth":null},"isHeader":true,"headerSeparatorDisplayMode":"NEVER","overflowStrategy":"NONE","textAlign":"CENTER"},"outsideLabels":[],"style":{"background":"transparent","borderColor":"#000000","borderSize":1,"borderRadius":0,"borderStyle":"Solid"},"childrenLayoutStrategy":{"areChildNodesDraggable":true,"topGap":0,"bottomGap":10,"growableNodeIds":[],"kind":"List"},"borderNodes":[],"childNodes":[],"defaultWidth":125,"defaultHeight":60,"labelEditable":false,"pinned":false},{"id":"b0a8165a-bbe5-37a3-9e17-84b908db31b5","type":"node:rectangle","targetObjectId":"47c4a28a-83f5-4022-8fe3-852bf77b1b67","targetObjectKind":"siriusComponents://semantic?domain=sysml&entity=RequirementUsage","targetObjectLabel":"chemical_dosage","descriptionId":"siriusComponents://nodeDescription?sourceKind=view&sourceId=8dcd14b0-6259-3193-ad2c-743f394c68e4&sourceElementId=d84402c7-c521-317a-b4a6-01844a34de97","borderNode":false,"modifiers":["Hidden"],"state":"Hidden","collapsingState":"EXPANDED","insideLabel":{"id":"a67eaa98-6879-36bd-a879-8b647fb74d63","text":"stakeholders","insideLabelLocation":"TOP_CENTER","style":{"color":"#000000","fontSize":12,"bold":false,"italic":true,"underline":false,"strikeThrough":false,"iconURL":[],"background":"transparent","borderColor":"black","borderSize":0,"borderRadius":3,"borderStyle":"Solid","maxWidth":null},"isHeader":true,"headerSeparatorDisplayMode":"NEVER","overflowStrategy":"NONE","textAlign":"CENTER"},"outsideLabels":[],"style":{"background":"transparent","borderColor":"#000000","borderSize":1,"borderRadius":0,"borderStyle":"Solid"},"childrenLayoutStrategy":{"areChildNodesDraggable":true,"topGap":0,"bottomGap":10,"growableNodeIds":[],"kind":"List"},"borderNodes":[],"childNodes":[],"defaultWidth":125,"defaultHeight":60,"labelEditable":false,"pinned":false}],"defaultWidth":125,"defaultHeight":60,"labelEditable":true,"pinned":false}],"edges":[{"id":"8b80628a-41ad-370f-9e2b-4beee3e6c955","type":"edge:straight","targetObjectId":"e52a1f15-ae6d-4c5e-9de2-e2082f9d5da2","targetObjectKind":"siriusComponents://semantic?domain=sysml&entity=Dependency","targetObjectLabel":"refine","descriptionId":"siriusComponents://edgeDescription?sourceKind=view&sourceId=8dcd14b0-6259-3193-ad2c-743f394c68e4&sourceElementId=9938eddb-e21d-3a4e-8817-f5d5479aad24","beginLabel":null,"centerLabel":{"id":"394757b8-396e-3bd1-b3d4-f50143d96a84","type":"label:edge-center","text":"refine","style":{"color":"#000000","fontSize":14,"bold":false,"italic":false,"underline":false,"strikeThrough":false,"iconURL":[],"background":"transparent","borderColor":"black","borderSize":0,"borderRadius":3,"borderStyle":"Solid","maxWidth":null}},"endLabel":null,"sourceId":"ef495630-4064-3ac3-b835-47cc40d78a0d","targetId":"b51d0ffe-369c-3015-9aa3-3ae0574e52a1","modifiers":[],"state":"Normal","style":{"size":1,"lineStyle":"Dash","sourceArrow":"None","targetArrow":"InputArrow","color":"#000000"},"centerLabelEditable":true},{"id":"1b0203f5-2d21-3403-a4e2-efb524646573","type":"edge:straight","targetObjectId":"902f3b75-773c-4368-b565-16d0321642fb","targetObjectKind":"siriusComponents://semantic?domain=sysml&entity=Dependency","targetObjectLabel":"refine","descriptionId":"siriusComponents://edgeDescription?sourceKind=view&sourceId=8dcd14b0-6259-3193-ad2c-743f394c68e4&sourceElementId=9938eddb-e21d-3a4e-8817-f5d5479aad24","beginLabel":null,"centerLabel":{"id":"75e4f996-4141-38aa-98ac-750f9aa28b17","type":"label:edge-center","text":"refine","style":{"color":"#000000","fontSize":14,"bold":false,"italic":false,"underline":false,"strikeThrough":false,"iconURL":[],"background":"transparent","borderColor":"black","borderSize":0,"borderRadius":3,"borderStyle":"Solid","maxWidth":null}},"endLabel":null,"sourceId":"ef495630-4064-3ac3-b835-47cc40d78a0d","targetId":"8db5c940-bafd-3f45-9c26-cbae797c2613","modifiers":[],"state":"Normal","style":{"size":1,"lineStyle":"Dash","sourceArrow":"None","targetArrow":"InputArrow","color":"#000000"},"centerLabelEditable":true},{"id":"c0f2d8de-040b-39ee-92c6-27713cedff50","type":"edge:straight","targetObjectId":"ab8a3340-c5ea-40f4-bf63-7fe658c69eed","targetObjectKind":"siriusComponents://semantic?domain=sysml&entity=Dependency","targetObjectLabel":"refine","descriptionId":"siriusComponents://edgeDescription?sourceKind=view&sourceId=8dcd14b0-6259-3193-ad2c-743f394c68e4&sourceElementId=9938eddb-e21d-3a4e-8817-f5d5479aad24","beginLabel":null,"centerLabel":{"id":"060c42cc-748d-3d37-aae7-2185fa9663de","type":"label:edge-center","text":"refine","style":{"color":"#000000","fontSize":14,"bold":false,"italic":false,"underline":false,"strikeThrough":false,"iconURL":[],"background":"transparent","borderColor":"black","borderSize":0,"borderRadius":3,"borderStyle":"Solid","maxWidth":null}},"endLabel":null,"sourceId":"ef495630-4064-3ac3-b835-47cc40d78a0d","targetId":"37466c37-a7fc-3ea8-8382-8a8d1bf2f1b0","modifiers":[],"state":"Normal","style":{"size":1,"lineStyle":"Dash","sourceArrow":"None","targetArrow":"InputArrow","color":"#000000"},"centerLabelEditable":true},{"id":"6284c1d5-1e2a-3314-89a8-b44a99a3a24d","type":"edge:straight","targetObjectId":"5f0c21b7-d937-4343-99d6-2247f7fd4fbf","targetObjectKind":"siriusComponents://semantic?domain=sysml&entity=Dependency","targetObjectLabel":"refine","descriptionId":"siriusComponents://edgeDescription?sourceKind=view&sourceId=8dcd14b0-6259-3193-ad2c-743f394c68e4&sourceElementId=9938eddb-e21d-3a4e-8817-f5d5479aad24","beginLabel":null,"centerLabel":{"id":"ca3ad1ea-35a9-3bf9-8d92-d5d789131a8b","type":"label:edge-center","text":"refine","style":{"color":"#000000","fontSize":14,"bold":false,"italic":false,"underline":false,"strikeThrough":false,"iconURL":[],"background":"transparent","borderColor":"black","borderSize":0,"borderRadius":3,"borderStyle":"Solid","maxWidth":null}},"endLabel":null,"sourceId":"4a98fb19-a716-3fe7-9c49-1df8fceab9a9","targetId":"76a87326-0841-325b-b493-4ccffbab2507","modifiers":[],"state":"Normal","style":{"size":1,"lineStyle":"Dash","sourceArrow":"None","targetArrow":"InputArrow","color":"#000000"},"centerLabelEditable":true},{"id":"f94c3d7f-8218-3b60-832d-6d87e7d1018a","type":"edge:straight","targetObjectId":"f58018f4-97af-4d67-a7f6-3f7f7effb50f","targetObjectKind":"siriusComponents://semantic?domain=sysml&entity=Dependency","targetObjectLabel":"refine","descriptionId":"siriusComponents://edgeDescription?sourceKind=view&sourceId=8dcd14b0-6259-3193-ad2c-743f394c68e4&sourceElementId=9938eddb-e21d-3a4e-8817-f5d5479aad24","beginLabel":null,"centerLabel":{"id":"d023ffa3-507c-3339-98ea-d0bdc54dd5b5","type":"label:edge-center","text":"refine","style":{"color":"#000000","fontSize":14,"bold":false,"italic":false,"underline":false,"strikeThrough":false,"iconURL":[],"background":"transparent","borderColor":"black","borderSize":0,"borderRadius":3,"borderStyle":"Solid","maxWidth":null}},"endLabel":null,"sourceId":"4a98fb19-a716-3fe7-9c49-1df8fceab9a9","targetId":"c861cfbc-de3c-3c20-a9f7-8ecd1a4fb423","modifiers":[],"state":"Normal","style":{"size":1,"lineStyle":"Dash","sourceArrow":"None","targetArrow":"InputArrow","color":"#000000"},"centerLabelEditable":true}],"layoutData":{"nodeLayoutData":{"37fe2c9b-673e-3904-bf2f-d94d7bdcd275":{"id":"37fe2c9b-673e-3904-bf2f-d94d7bdcd275","position":{"x":0.0,"y":0.0},"size":{"width":125.0,"height":60.0},"resizedByUser":false},"31066c04-7529-3aae-915d-8b35eef1818e":{"id":"31066c04-7529-3aae-915d-8b35eef1818e","position":{"x":0.0,"y":0.0},"size":{"width":125.0,"height":60.0},"resizedByUser":false},"ef656c03-5ba2-3829-8532-c6ea60162825":{"id":"ef656c03-5ba2-3829-8532-c6ea60162825","position":{"x":0.0,"y":0.0},"size":{"width":125.0,"height":60.0},"resizedByUser":false},"f811bdae-7bf8-3eab-85d7-b3fb731be3a8":{"id":"f811bdae-7bf8-3eab-85d7-b3fb731be3a8","position":{"x":0.0,"y":0.0},"size":{"width":125.0,"height":60.0},"resizedByUser":false},"8db5c940-bafd-3f45-9c26-cbae797c2613":{"id":"8db5c940-bafd-3f45-9c26-cbae797c2613","position":{"x":-220.13488482862533,"y":-20.631876326876743},"size":{"width":546.96669921875,"height":60.0},"resizedByUser":false},"6302d855-e8c0-3158-8dc7-15fdc8ebc182":{"id":"6302d855-e8c0-3158-8dc7-15fdc8ebc182","position":{"x":0.0,"y":0.0},"size":{"width":125.0,"height":60.0},"resizedByUser":false},"9a7df1e9-2097-37f6-b216-ca182c3ab5b2":{"id":"9a7df1e9-2097-37f6-b216-ca182c3ab5b2","position":{"x":0.0,"y":0.0},"size":{"width":125.0,"height":60.0},"resizedByUser":false},"168daec4-5baa-3f6c-af91-9f7d3aaf2a39":{"id":"168daec4-5baa-3f6c-af91-9f7d3aaf2a39","position":{"x":0.0,"y":0.0},"size":{"width":125.0,"height":60.0},"resizedByUser":false},"c861cfbc-de3c-3c20-a9f7-8ecd1a4fb423":{"id":"c861cfbc-de3c-3c20-a9f7-8ecd1a4fb423","position":{"x":-918.9500061035156,"y":228.3207324118971},"size":{"width":358.95000610351565,"height":60.0},"resizedByUser":false},"8e35b180-ccb5-3f09-aa21-2e804549723a":{"id":"8e35b180-ccb5-3f09-aa21-2e804549723a","position":{"x":0.0,"y":0.0},"size":{"width":125.0,"height":60.0},"resizedByUser":false},"37466c37-a7fc-3ea8-8382-8a8d1bf2f1b0":{"id":"37466c37-a7fc-3ea8-8382-8a8d1bf2f1b0","position":{"x":201.8318143901247,"y":150.0012577107845},"size":{"width":378.9833618164063,"height":60.0},"resizedByUser":false},"1decf9e8-2eec-3d1c-9c4a-2f94328ac639":{"id":"1decf9e8-2eec-3d1c-9c4a-2f94328ac639","position":{"x":0.0,"y":0.0},"size":{"width":125.0,"height":60.0},"resizedByUser":false},"affbda29-9129-3893-9f96-c81538efbf31":{"id":"affbda29-9129-3893-9f96-c81538efbf31","position":{"x":0.0,"y":0.0},"size":{"width":125.0,"height":60.0},"resizedByUser":false},"61e83250-abc4-3cea-aa62-70c0722bfdd9":{"id":"61e83250-abc4-3cea-aa62-70c0722bfdd9","position":{"x":0.0,"y":0.0},"size":{"width":125.0,"height":60.0},"resizedByUser":false},"61d5bb44-9d4d-39b8-ac0f-b265a2269da7":{"id":"61d5bb44-9d4d-39b8-ac0f-b265a2269da7","position":{"x":0.0,"y":0.0},"size":{"width":125.0,"height":60.0},"resizedByUser":false},"da808bdf-fa01-3780-822f-1bf84019fced":{"id":"da808bdf-fa01-3780-822f-1bf84019fced","position":{"x":0.0,"y":0.0},"size":{"width":125.0,"height":60.0},"resizedByUser":false},"8315c401-145a-322f-8500-76890c79368b":{"id":"8315c401-145a-322f-8500-76890c79368b","position":{"x":0.0,"y":0.0},"size":{"width":125.0,"height":60.0},"resizedByUser":false},"76a87326-0841-325b-b493-4ccffbab2507":{"id":"76a87326-0841-325b-b493-4ccffbab2507","position":{"x":-296.9666381835938,"y":228.3207324118971},"size":{"width":308.9666381835938,"height":60.0},"resizedByUser":false},"b0a8165a-bbe5-37a3-9e17-84b908db31b5":{"id":"b0a8165a-bbe5-37a3-9e17-84b908db31b5","position":{"x":0.0,"y":0.0},"size":{"width":125.0,"height":60.0},"resizedByUser":false},"705dd2f9-09e0-3bac-a362-ef84ef02b348":{"id":"705dd2f9-09e0-3bac-a362-ef84ef02b348","position":{"x":0.0,"y":0.0},"size":{"width":125.0,"height":60.0},"resizedByUser":false},"9defeb50-f7e7-3167-938e-c2899cb33159":{"id":"9defeb50-f7e7-3167-938e-c2899cb33159","position":{"x":0.0,"y":0.0},"size":{"width":125.0,"height":60.0},"resizedByUser":false},"8d4f7134-3c2c-3bf9-bb23-1d40c927ec7b":{"id":"8d4f7134-3c2c-3bf9-bb23-1d40c927ec7b","position":{"x":0.0,"y":0.0},"size":{"width":125.0,"height":60.0},"resizedByUser":false},"eec62bfb-d54b-3513-bb4a-72d427a4b4b3":{"id":"eec62bfb-d54b-3513-bb4a-72d427a4b4b3","position":{"x":0.0,"y":0.0},"size":{"width":125.0,"height":60.0},"resizedByUser":false},"8e7fcd7b-64e4-31bf-bf07-642e7856e550":{"id":"8e7fcd7b-64e4-31bf-bf07-642e7856e550","position":{"x":0.0,"y":0.0},"size":{"width":125.0,"height":60.0},"resizedByUser":false},"9e1953e1-dca6-390b-be38-9b6fe5426246":{"id":"9e1953e1-dca6-390b-be38-9b6fe5426246","position":{"x":0.0,"y":0.0},"size":{"width":125.0,"height":60.0},"resizedByUser":false},"5bf969c7-9c8f-3121-a24e-c61b0dba1c0d":{"id":"5bf969c7-9c8f-3121-a24e-c61b0dba1c0d","position":{"x":0.0,"y":0.0},"size":{"width":125.0,"height":60.0},"resizedByUser":false},"4a98fb19-a716-3fe7-9c49-1df8fceab9a9":{"id":"4a98fb19-a716-3fe7-9c49-1df8fceab9a9","position":{"x":-805.3630928299854,"y":8.276432989518568},"size":{"width":436.6499877929688,"height":60.0},"resizedByUser":false},"1c4e3be6-6e09-3da0-941b-441b65919ced":{"id":"1c4e3be6-6e09-3da0-941b-441b65919ced","position":{"x":0.0,"y":0.0},"size":{"width":125.0,"height":60.0},"resizedByUser":false},"ef495630-4064-3ac3-b835-47cc40d78a0d":{"id":"ef495630-4064-3ac3-b835-47cc40d78a0d","position":{"x":201.8318143901247,"y":-195.69317786778126},"size":{"width":491.3999877929688,"height":60.0},"resizedByUser":false},"e7d58c23-85ae-3d54-b01f-8dfc580f0944":{"id":"e7d58c23-85ae-3d54-b01f-8dfc580f0944","position":{"x":0.0,"y":0.0},"size":{"width":125.0,"height":60.0},"resizedByUser":false},"898b2edc-753a-3752-9178-cbb932be0baf":{"id":"898b2edc-753a-3752-9178-cbb932be0baf","position":{"x":0.0,"y":0.0},"size":{"width":125.0,"height":60.0},"resizedByUser":false},"b51d0ffe-369c-3015-9aa3-3ae0574e52a1":{"id":"b51d0ffe-369c-3015-9aa3-3ae0574e52a1","position":{"x":754.0696854888117,"y":90.0012577107845},"size":{"width":346.48333129882815,"height":60.0},"resizedByUser":false},"b19c46f8-9476-38c0-b60b-0a2e3dfc4e06":{"id":"b19c46f8-9476-38c0-b60b-0a2e3dfc4e06","position":{"x":0.0,"y":0.0},"size":{"width":125.0,"height":15.0},"resizedByUser":false},"cecb45d7-ce59-3eba-bb57-094c23ea480e":{"id":"cecb45d7-ce59-3eba-bb57-094c23ea480e","position":{"x":0.0,"y":0.0},"size":{"width":125.0,"height":60.0},"resizedByUser":false},"59c6614b-e0a3-370b-a736-1b2d591599cc":{"id":"59c6614b-e0a3-370b-a736-1b2d591599cc","position":{"x":0.0,"y":0.0},"size":{"width":125.0,"height":60.0},"resizedByUser":false},"d556d3cf-1bf3-38d4-9e00-771e13458c43":{"id":"d556d3cf-1bf3-38d4-9e00-771e13458c43","position":{"x":0.0,"y":0.0},"size":{"width":125.0,"height":15.0},"resizedByUser":false},"feda9079-9bcc-3341-a3af-a80c8cf04b9c":{"id":"feda9079-9bcc-3341-a3af-a80c8cf04b9c","position":{"x":0.0,"y":0.0},"size":{"width":125.0,"height":60.0},"resizedByUser":false},"4e11abf1-059f-3b3b-bea5-69801fb1ae0a":{"id":"4e11abf1-059f-3b3b-bea5-69801fb1ae0a","position":{"x":0.0,"y":0.0},"size":{"width":125.0,"height":60.0},"resizedByUser":false},"4ce92ab1-acf4-300b-bc84-57e80df13b99":{"id":"4ce92ab1-acf4-300b-bc84-57e80df13b99","position":{"x":0.0,"y":0.0},"size":{"width":125.0,"height":60.0},"resizedByUser":false},"760a4d9e-8358-3375-9992-19ac1e99ac1f":{"id":"760a4d9e-8358-3375-9992-19ac1e99ac1f","position":{"x":0.0,"y":0.0},"size":{"width":125.0,"height":60.0},"resizedByUser":false},"6cbb6327-5ae8-334a-9d33-cc0a01353e70":{"id":"6cbb6327-5ae8-334a-9d33-cc0a01353e70","position":{"x":0.0,"y":0.0},"size":{"width":125.0,"height":60.0},"resizedByUser":false},"7620e449-87f6-3f8b-8888-f5ab24c1d4b0":{"id":"7620e449-87f6-3f8b-8888-f5ab24c1d4b0","position":{"x":0.0,"y":0.0},"size":{"width":125.0,"height":60.0},"resizedByUser":false},"a1fd0216-e6a5-3e40-b903-591795c7e733":{"id":"a1fd0216-e6a5-3e40-b903-591795c7e733","position":{"x":0.0,"y":0.0},"size":{"width":125.0,"height":15.0},"resizedByUser":false},"e517ee86-0efd-3aff-b69f-7a9095027c18":{"id":"e517ee86-0efd-3aff-b69f-7a9095027c18","position":{"x":0.0,"y":0.0},"size":{"width":125.0,"height":60.0},"resizedByUser":false},"26b2723f-c80d-3998-8410-5717ce6c88db":{"id":"26b2723f-c80d-3998-8410-5717ce6c88db","position":{"x":0.0,"y":0.0},"size":{"width":125.0,"height":60.0},"resizedByUser":false},"1134249e-5c46-3bb8-ab5b-4ad6ec6312c1":{"id":"1134249e-5c46-3bb8-ab5b-4ad6ec6312c1","position":{"x":0.0,"y":0.0},"size":{"width":125.0,"height":60.0},"resizedByUser":false},"d6ad65a3-e5d4-3cbb-86e1-912840576555":{"id":"d6ad65a3-e5d4-3cbb-86e1-912840576555","position":{"x":0.0,"y":0.0},"size":{"width":125.0,"height":60.0},"resizedByUser":false},"fd51eb71-be05-37e6-8a8e-fe6cc21de63a":{"id":"fd51eb71-be05-37e6-8a8e-fe6cc21de63a","position":{"x":0.0,"y":0.0},"size":{"width":125.0,"height":60.0},"resizedByUser":false},"9fbeaba3-f88c-3cce-b11a-fc11446bf5eb":{"id":"9fbeaba3-f88c-3cce-b11a-fc11446bf5eb","position":{"x":0.0,"y":0.0},"size":{"width":125.0,"height":60.0},"resizedByUser":false},"b50871e6-489f-31bb-b9db-9ac6e5e94871":{"id":"b50871e6-489f-31bb-b9db-9ac6e5e94871","position":{"x":0.0,"y":0.0},"size":{"width":125.0,"height":60.0},"resizedByUser":false},"7cead58a-cd03-3719-8dd4-8d586b9dfdd2":{"id":"7cead58a-cd03-3719-8dd4-8d586b9dfdd2","position":{"x":0.0,"y":0.0},"size":{"width":125.0,"height":15.0},"resizedByUser":false},"0d3c34c4-3826-3150-bb9e-cc95c233021a":{"id":"0d3c34c4-3826-3150-bb9e-cc95c233021a","position":{"x":0.0,"y":0.0},"size":{"width":125.0,"height":60.0},"resizedByUser":false},"5b4eb7e0-3bd8-34f5-86f9-d5477cd741af":{"id":"5b4eb7e0-3bd8-34f5-86f9-d5477cd741af","position":{"x":0.0,"y":0.0},"size":{"width":125.0,"height":60.0},"resizedByUser":false},"f8d37dd5-4027-3e3a-b461-97a259d72a38":{"id":"f8d37dd5-4027-3e3a-b461-97a259d72a38","position":{"x":0.0,"y":0.0},"size":{"width":125.0,"height":60.0},"resizedByUser":false},"0d1d7855-d0e5-3701-aabc-102a794f7aa3":{"id":"0d1d7855-d0e5-3701-aabc-102a794f7aa3","position":{"x":0.0,"y":0.0},"size":{"width":125.0,"height":60.0},"resizedByUser":false},"3087ea20-8d19-34df-a08e-b48539f9055f":{"id":"3087ea20-8d19-34df-a08e-b48539f9055f","position":{"x":0.0,"y":0.0},"size":{"width":125.0,"height":60.0},"resizedByUser":false},"57702f04-7889-3667-a468-0c16f0bd33bb":{"id":"57702f04-7889-3667-a468-0c16f0bd33bb","position":{"x":0.0,"y":0.0},"size":{"width":125.0,"height":60.0},"resizedByUser":false},"b5aa4b79-fc25-3801-9304-ff0cb1b7895b":{"id":"b5aa4b79-fc25-3801-9304-ff0cb1b7895b","position":{"x":0.0,"y":0.0},"size":{"width":125.0,"height":60.0},"resizedByUser":false},"b3773fe4-41b2-3022-be76-806698b61900":{"id":"b3773fe4-41b2-3022-be76-806698b61900","position":{"x":0.0,"y":0.0},"size":{"width":125.0,"height":60.0},"resizedByUser":false},"c4cc3109-af3b-345a-adb2-68bdb81c7219":{"id":"c4cc3109-af3b-345a-adb2-68bdb81c7219","position":{"x":0.0,"y":0.0},"size":{"width":125.0,"height":15.0},"resizedByUser":false},"a141be85-01d0-309d-b872-41bdc184ae2e":{"id":"a141be85-01d0-309d-b872-41bdc184ae2e","position":{"x":0.0,"y":0.0},"size":{"width":125.0,"height":60.0},"resizedByUser":false}},"edgeLayoutData":{},"labelLayoutData":{}}}}