{"id":"904a6f03-4574-4791-a3d4-1f019f3ee5e4","projectId":"0f8b3b25-43bb-4a86-b07f-4db50814a839","descriptionId":"siriusComponents://representationDescription?kind=diagramDescription&sourceKind=view&sourceId=8dcd14b0-6259-3193-ad2c-743f394c68e4&sourceElementId=db495705-e917-319b-af55-a32ad63f4089","targetObjectId":"b3ad8bf4-938f-402a-a71e-97b605153483","label":"constraints refine view","kind":"siriusComponents://representation?type=Diagram","representation":{"id":"904a6f03-4574-4791-a3d4-1f019f3ee5e4","kind":"siriusComponents://representation?type=Diagram","targetObjectId":"b3ad8bf4-938f-402a-a71e-97b605153483","descriptionId":"siriusComponents://representationDescription?kind=diagramDescription&sourceKind=view&sourceId=8dcd14b0-6259-3193-ad2c-743f394c68e4&sourceElementId=db495705-e917-319b-af55-a32ad63f4089","nodes":[{"id":"33b61402-563c-3a4c-b152-9b0f8aa1c0f3","type":"node:rectangle","targetObjectId":"cea395b2-f8f5-4340-9f87-145cc56ea1dc","targetObjectKind":"siriusComponents://semantic?domain=sysml&entity=RequirementUsage","targetObjectLabel":"precesion_spray_area","descriptionId":"siriusComponents://nodeDescription?sourceKind=view&sourceId=8dcd14b0-6259-3193-ad2c-743f394c68e4&sourceElementId=ac6d2b47-110c-3c85-ac67-f78f5c481433","borderNode":false,"modifiers":[],"state":"Normal","collapsingState":"EXPANDED","insideLabel":{"id":"f57fa128-2d79-3fec-be65-cf16a0d3300c","text":"«requirement»\n<REQ 01> precesion_spray_area : coverage_accuracy_requriement","insideLabelLocation":"TOP_CENTER","style":{"color":"#000000","fontSize":14,"bold":false,"italic":false,"underline":false,"strikeThrough":false,"iconURL":["/icons/full/obj16/RequirementUsage.svg"],"background":"transparent","borderColor":"black","borderSize":0,"borderRadius":3,"borderStyle":"Solid","maxWidth":null},"isHeader":true,"headerSeparatorDisplayMode":"IF_CHILDREN","overflowStrategy":"NONE","textAlign":"CENTER"},"outsideLabels":[],"style":{"background":"#ffffff","borderColor":"#000000","borderSize":1,"borderRadius":10,"borderStyle":"Solid"},"childrenLayoutStrategy":{"areChildNodesDraggable":false,"topGap":0,"bottomGap":0,"growableNodeIds":[],"kind":"List"},"borderNodes":[],"childNodes":[{"id":"766a223f-fa26-307c-8be2-30474b37ff3f","type":"node:rectangle","targetObjectId":"cea395b2-f8f5-4340-9f87-145cc56ea1dc","targetObjectKind":"siriusComponents://semantic?domain=sysml&entity=RequirementUsage","targetObjectLabel":"precesion_spray_area","descriptionId":"siriusComponents://nodeDescription?sourceKind=view&sourceId=8dcd14b0-6259-3193-ad2c-743f394c68e4&sourceElementId=2dcb3118-bc32-367c-9dcc-db7ac6d23021","borderNode":false,"modifiers":["Hidden"],"state":"Hidden","collapsingState":"EXPANDED","insideLabel":{"id":"c166b446-3cc6-3185-a7ca-6103dfcdb5ad","text":"doc","insideLabelLocation":"TOP_CENTER","style":{"color":"#000000","fontSize":12,"bold":false,"italic":true,"underline":false,"strikeThrough":false,"iconURL":[],"background":"transparent","borderColor":"black","borderSize":0,"borderRadius":3,"borderStyle":"Solid","maxWidth":null},"isHeader":true,"headerSeparatorDisplayMode":"NEVER","overflowStrategy":"NONE","textAlign":"CENTER"},"outsideLabels":[],"style":{"background":"transparent","borderColor":"#000000","borderSize":1,"borderRadius":0,"borderStyle":"Solid"},"childrenLayoutStrategy":{"areChildNodesDraggable":true,"topGap":0,"bottomGap":10,"growableNodeIds":[],"kind":"List"},"borderNodes":[],"childNodes":[],"defaultWidth":125,"defaultHeight":60,"labelEditable":false,"pinned":false},{"id":"b8e0be1e-a75a-321f-b0f3-3400d7fdc761","type":"node:rectangle","targetObjectId":"cea395b2-f8f5-4340-9f87-145cc56ea1dc","targetObjectKind":"siriusComponents://semantic?domain=sysml&entity=RequirementUsage","targetObjectLabel":"precesion_spray_area","descriptionId":"siriusComponents://nodeDescription?sourceKind=view&sourceId=8dcd14b0-6259-3193-ad2c-743f394c68e4&sourceElementId=8a2d27b2-f4d9-3d4e-a16d-2604b01d8f47","borderNode":false,"modifiers":["Hidden"],"state":"Hidden","collapsingState":"EXPANDED","insideLabel":{"id":"f421b539-7f22-3a4b-bb2a-bf1337b2163c","text":"attributes","insideLabelLocation":"TOP_CENTER","style":{"color":"#000000","fontSize":12,"bold":false,"italic":true,"underline":false,"strikeThrough":false,"iconURL":[],"background":"transparent","borderColor":"black","borderSize":0,"borderRadius":3,"borderStyle":"Solid","maxWidth":null},"isHeader":true,"headerSeparatorDisplayMode":"NEVER","overflowStrategy":"NONE","textAlign":"CENTER"},"outsideLabels":[],"style":{"background":"transparent","borderColor":"#000000","borderSize":1,"borderRadius":0,"borderStyle":"Solid"},"childrenLayoutStrategy":{"areChildNodesDraggable":true,"topGap":0,"bottomGap":10,"growableNodeIds":[],"kind":"List"},"borderNodes":[],"childNodes":[],"defaultWidth":125,"defaultHeight":60,"labelEditable":false,"pinned":false},{"id":"e02a8e91-5353-3d2c-90b5-e848b1bb8351","type":"node:rectangle","targetObjectId":"cea395b2-f8f5-4340-9f87-145cc56ea1dc","targetObjectKind":"siriusComponents://semantic?domain=sysml&entity=RequirementUsage","targetObjectLabel":"precesion_spray_area","descriptionId":"siriusComponents://nodeDescription?sourceKind=view&sourceId=8dcd14b0-6259-3193-ad2c-743f394c68e4&sourceElementId=e4ec1b26-6866-31f7-9b0e-a54bc02bbd2d","borderNode":false,"modifiers":["Hidden"],"state":"Hidden","collapsingState":"EXPANDED","insideLabel":{"id":"1fc920d3-786c-35fa-87ba-df5e3b08fab2","text":"assume constraints","insideLabelLocation":"TOP_CENTER","style":{"color":"#000000","fontSize":12,"bold":false,"italic":true,"underline":false,"strikeThrough":false,"iconURL":[],"background":"transparent","borderColor":"black","borderSize":0,"borderRadius":3,"borderStyle":"Solid","maxWidth":null},"isHeader":true,"headerSeparatorDisplayMode":"NEVER","overflowStrategy":"NONE","textAlign":"CENTER"},"outsideLabels":[],"style":{"background":"transparent","borderColor":"#000000","borderSize":1,"borderRadius":0,"borderStyle":"Solid"},"childrenLayoutStrategy":{"areChildNodesDraggable":true,"topGap":0,"bottomGap":10,"growableNodeIds":[],"kind":"List"},"borderNodes":[],"childNodes":[],"defaultWidth":125,"defaultHeight":60,"labelEditable":false,"pinned":false},{"id":"11c35036-cd7f-3005-afd8-384c174a3648","type":"node:rectangle","targetObjectId":"cea395b2-f8f5-4340-9f87-145cc56ea1dc","targetObjectKind":"siriusComponents://semantic?domain=sysml&entity=RequirementUsage","targetObjectLabel":"precesion_spray_area","descriptionId":"siriusComponents://nodeDescription?sourceKind=view&sourceId=8dcd14b0-6259-3193-ad2c-743f394c68e4&sourceElementId=c35b155a-ef54-3fd5-8925-9f1da66fb66b","borderNode":false,"modifiers":["Hidden"],"state":"Hidden","collapsingState":"EXPANDED","insideLabel":{"id":"e8dba433-e293-341c-813f-08e4645647aa","text":"require constraints","insideLabelLocation":"TOP_CENTER","style":{"color":"#000000","fontSize":12,"bold":false,"italic":true,"underline":false,"strikeThrough":false,"iconURL":[],"background":"transparent","borderColor":"black","borderSize":0,"borderRadius":3,"borderStyle":"Solid","maxWidth":null},"isHeader":true,"headerSeparatorDisplayMode":"NEVER","overflowStrategy":"NONE","textAlign":"CENTER"},"outsideLabels":[],"style":{"background":"transparent","borderColor":"#000000","borderSize":1,"borderRadius":0,"borderStyle":"Solid"},"childrenLayoutStrategy":{"areChildNodesDraggable":true,"topGap":0,"bottomGap":10,"growableNodeIds":[],"kind":"List"},"borderNodes":[],"childNodes":[],"defaultWidth":125,"defaultHeight":60,"labelEditable":false,"pinned":false},{"id":"dc7757ae-a438-326b-ab50-1232d876f451","type":"node:rectangle","targetObjectId":"cea395b2-f8f5-4340-9f87-145cc56ea1dc","targetObjectKind":"siriusComponents://semantic?domain=sysml&entity=RequirementUsage","targetObjectLabel":"precesion_spray_area","descriptionId":"siriusComponents://nodeDescription?sourceKind=view&sourceId=8dcd14b0-6259-3193-ad2c-743f394c68e4&sourceElementId=4d4fa034-2b92-36f6-9b8d-872703419b56","borderNode":false,"modifiers":["Hidden"],"state":"Hidden","collapsingState":"EXPANDED","insideLabel":{"id":"acd5564c-126e-3076-b4e0-c600f5daf078","text":"subject","insideLabelLocation":"TOP_CENTER","style":{"color":"#000000","fontSize":12,"bold":false,"italic":true,"underline":false,"strikeThrough":false,"iconURL":[],"background":"transparent","borderColor":"black","borderSize":0,"borderRadius":3,"borderStyle":"Solid","maxWidth":null},"isHeader":true,"headerSeparatorDisplayMode":"NEVER","overflowStrategy":"NONE","textAlign":"CENTER"},"outsideLabels":[],"style":{"background":"transparent","borderColor":"#000000","borderSize":1,"borderRadius":0,"borderStyle":"Solid"},"childrenLayoutStrategy":{"areChildNodesDraggable":true,"topGap":0,"bottomGap":10,"growableNodeIds":[],"kind":"List"},"borderNodes":[],"childNodes":[],"defaultWidth":125,"defaultHeight":60,"labelEditable":false,"pinned":false},{"id":"b8b1a967-e81e-3d55-b60a-03aaec420c2f","type":"node:rectangle","targetObjectId":"cea395b2-f8f5-4340-9f87-145cc56ea1dc","targetObjectKind":"siriusComponents://semantic?domain=sysml&entity=RequirementUsage","targetObjectLabel":"precesion_spray_area","descriptionId":"siriusComponents://nodeDescription?sourceKind=view&sourceId=8dcd14b0-6259-3193-ad2c-743f394c68e4&sourceElementId=d44c436c-8886-37fb-86db-a35a90c2124f","borderNode":false,"modifiers":["Hidden"],"state":"Hidden","collapsingState":"EXPANDED","insideLabel":{"id":"57c4d49f-ccdc-3c90-b4c3-2b09b0246e96","text":"actors","insideLabelLocation":"TOP_CENTER","style":{"color":"#000000","fontSize":12,"bold":false,"italic":true,"underline":false,"strikeThrough":false,"iconURL":[],"background":"transparent","borderColor":"black","borderSize":0,"borderRadius":3,"borderStyle":"Solid","maxWidth":null},"isHeader":true,"headerSeparatorDisplayMode":"NEVER","overflowStrategy":"NONE","textAlign":"CENTER"},"outsideLabels":[],"style":{"background":"transparent","borderColor":"#000000","borderSize":1,"borderRadius":0,"borderStyle":"Solid"},"childrenLayoutStrategy":{"areChildNodesDraggable":true,"topGap":0,"bottomGap":10,"growableNodeIds":[],"kind":"List"},"borderNodes":[],"childNodes":[],"defaultWidth":125,"defaultHeight":60,"labelEditable":false,"pinned":false},{"id":"d799ac0c-e318-36bb-90b0-41ad133874c7","type":"node:rectangle","targetObjectId":"cea395b2-f8f5-4340-9f87-145cc56ea1dc","targetObjectKind":"siriusComponents://semantic?domain=sysml&entity=RequirementUsage","targetObjectLabel":"precesion_spray_area","descriptionId":"siriusComponents://nodeDescription?sourceKind=view&sourceId=8dcd14b0-6259-3193-ad2c-743f394c68e4&sourceElementId=d84402c7-c521-317a-b4a6-01844a34de97","borderNode":false,"modifiers":["Hidden"],"state":"Hidden","collapsingState":"EXPANDED","insideLabel":{"id":"23231fca-a20b-3d19-91cf-e934e57970b2","text":"stakeholders","insideLabelLocation":"TOP_CENTER","style":{"color":"#000000","fontSize":12,"bold":false,"italic":true,"underline":false,"strikeThrough":false,"iconURL":[],"background":"transparent","borderColor":"black","borderSize":0,"borderRadius":3,"borderStyle":"Solid","maxWidth":null},"isHeader":true,"headerSeparatorDisplayMode":"NEVER","overflowStrategy":"NONE","textAlign":"CENTER"},"outsideLabels":[],"style":{"background":"transparent","borderColor":"#000000","borderSize":1,"borderRadius":0,"borderStyle":"Solid"},"childrenLayoutStrategy":{"areChildNodesDraggable":true,"topGap":0,"bottomGap":10,"growableNodeIds":[],"kind":"List"},"borderNodes":[],"childNodes":[],"defaultWidth":125,"defaultHeight":60,"labelEditable":false,"pinned":false}],"defaultWidth":125,"defaultHeight":60,"labelEditable":true,"pinned":false},{"id":"59c75592-4b13-351c-a716-4d2fae712dd5","type":"node:rectangle","targetObjectId":"47c4a28a-83f5-4022-8fe3-852bf77b1b67","targetObjectKind":"siriusComponents://semantic?domain=sysml&entity=RequirementUsage","targetObjectLabel":"chemical_dosage","descriptionId":"siriusComponents://nodeDescription?sourceKind=view&sourceId=8dcd14b0-6259-3193-ad2c-743f394c68e4&sourceElementId=ac6d2b47-110c-3c85-ac67-f78f5c481433","borderNode":false,"modifiers":[],"state":"Normal","collapsingState":"EXPANDED","insideLabel":{"id":"9c447678-7adc-3452-b2ec-1d3b394c6792","text":"«requirement»\n<REQ 02> chemical_dosage : chemical_spray_requriement","insideLabelLocation":"TOP_CENTER","style":{"color":"#000000","fontSize":14,"bold":false,"italic":false,"underline":false,"strikeThrough":false,"iconURL":["/icons/full/obj16/RequirementUsage.svg"],"background":"transparent","borderColor":"black","borderSize":0,"borderRadius":3,"borderStyle":"Solid","maxWidth":null},"isHeader":true,"headerSeparatorDisplayMode":"IF_CHILDREN","overflowStrategy":"NONE","textAlign":"CENTER"},"outsideLabels":[],"style":{"background":"#ffffff","borderColor":"#000000","borderSize":1,"borderRadius":10,"borderStyle":"Solid"},"childrenLayoutStrategy":{"areChildNodesDraggable":false,"topGap":0,"bottomGap":0,"growableNodeIds":[],"kind":"List"},"borderNodes":[],"childNodes":[{"id":"a5ab48ed-b9e2-3bb3-bdb3-fcf312ea8d17","type":"node:rectangle","targetObjectId":"47c4a28a-83f5-4022-8fe3-852bf77b1b67","targetObjectKind":"siriusComponents://semantic?domain=sysml&entity=RequirementUsage","targetObjectLabel":"chemical_dosage","descriptionId":"siriusComponents://nodeDescription?sourceKind=view&sourceId=8dcd14b0-6259-3193-ad2c-743f394c68e4&sourceElementId=2dcb3118-bc32-367c-9dcc-db7ac6d23021","borderNode":false,"modifiers":["Hidden"],"state":"Hidden","collapsingState":"EXPANDED","insideLabel":{"id":"abbdb236-d61c-3c49-81b0-8c7baaa627df","text":"doc","insideLabelLocation":"TOP_CENTER","style":{"color":"#000000","fontSize":12,"bold":false,"italic":true,"underline":false,"strikeThrough":false,"iconURL":[],"background":"transparent","borderColor":"black","borderSize":0,"borderRadius":3,"borderStyle":"Solid","maxWidth":null},"isHeader":true,"headerSeparatorDisplayMode":"NEVER","overflowStrategy":"NONE","textAlign":"CENTER"},"outsideLabels":[],"style":{"background":"transparent","borderColor":"#000000","borderSize":1,"borderRadius":0,"borderStyle":"Solid"},"childrenLayoutStrategy":{"areChildNodesDraggable":true,"topGap":0,"bottomGap":10,"growableNodeIds":[],"kind":"List"},"borderNodes":[],"childNodes":[],"defaultWidth":125,"defaultHeight":60,"labelEditable":false,"pinned":false},{"id":"67612ccf-29f9-32fa-9ebc-3362a133b6b3","type":"node:rectangle","targetObjectId":"47c4a28a-83f5-4022-8fe3-852bf77b1b67","targetObjectKind":"siriusComponents://semantic?domain=sysml&entity=RequirementUsage","targetObjectLabel":"chemical_dosage","descriptionId":"siriusComponents://nodeDescription?sourceKind=view&sourceId=8dcd14b0-6259-3193-ad2c-743f394c68e4&sourceElementId=8a2d27b2-f4d9-3d4e-a16d-2604b01d8f47","borderNode":false,"modifiers":["Hidden"],"state":"Hidden","collapsingState":"EXPANDED","insideLabel":{"id":"4d33034b-359c-3163-80bb-e052699b9b37","text":"attributes","insideLabelLocation":"TOP_CENTER","style":{"color":"#000000","fontSize":12,"bold":false,"italic":true,"underline":false,"strikeThrough":false,"iconURL":[],"background":"transparent","borderColor":"black","borderSize":0,"borderRadius":3,"borderStyle":"Solid","maxWidth":null},"isHeader":true,"headerSeparatorDisplayMode":"NEVER","overflowStrategy":"NONE","textAlign":"CENTER"},"outsideLabels":[],"style":{"background":"transparent","borderColor":"#000000","borderSize":1,"borderRadius":0,"borderStyle":"Solid"},"childrenLayoutStrategy":{"areChildNodesDraggable":true,"topGap":0,"bottomGap":10,"growableNodeIds":[],"kind":"List"},"borderNodes":[],"childNodes":[],"defaultWidth":125,"defaultHeight":60,"labelEditable":false,"pinned":false},{"id":"7391a675-c492-3296-9848-8bd0e306a5c9","type":"node:rectangle","targetObjectId":"47c4a28a-83f5-4022-8fe3-852bf77b1b67","targetObjectKind":"siriusComponents://semantic?domain=sysml&entity=RequirementUsage","targetObjectLabel":"chemical_dosage","descriptionId":"siriusComponents://nodeDescription?sourceKind=view&sourceId=8dcd14b0-6259-3193-ad2c-743f394c68e4&sourceElementId=e4ec1b26-6866-31f7-9b0e-a54bc02bbd2d","borderNode":false,"modifiers":["Hidden"],"state":"Hidden","collapsingState":"EXPANDED","insideLabel":{"id":"d3ca38e3-c5cf-3eda-8c62-87cd6b713b00","text":"assume constraints","insideLabelLocation":"TOP_CENTER","style":{"color":"#000000","fontSize":12,"bold":false,"italic":true,"underline":false,"strikeThrough":false,"iconURL":[],"background":"transparent","borderColor":"black","borderSize":0,"borderRadius":3,"borderStyle":"Solid","maxWidth":null},"isHeader":true,"headerSeparatorDisplayMode":"NEVER","overflowStrategy":"NONE","textAlign":"CENTER"},"outsideLabels":[],"style":{"background":"transparent","borderColor":"#000000","borderSize":1,"borderRadius":0,"borderStyle":"Solid"},"childrenLayoutStrategy":{"areChildNodesDraggable":true,"topGap":0,"bottomGap":10,"growableNodeIds":[],"kind":"List"},"borderNodes":[],"childNodes":[],"defaultWidth":125,"defaultHeight":60,"labelEditable":false,"pinned":false},{"id":"79053091-9c99-38ee-8202-fd3d0208c726","type":"node:rectangle","targetObjectId":"47c4a28a-83f5-4022-8fe3-852bf77b1b67","targetObjectKind":"siriusComponents://semantic?domain=sysml&entity=RequirementUsage","targetObjectLabel":"chemical_dosage","descriptionId":"siriusComponents://nodeDescription?sourceKind=view&sourceId=8dcd14b0-6259-3193-ad2c-743f394c68e4&sourceElementId=c35b155a-ef54-3fd5-8925-9f1da66fb66b","borderNode":false,"modifiers":["Hidden"],"state":"Hidden","collapsingState":"EXPANDED","insideLabel":{"id":"1c24b76e-0842-3650-856b-74f7eccbfd91","text":"require constraints","insideLabelLocation":"TOP_CENTER","style":{"color":"#000000","fontSize":12,"bold":false,"italic":true,"underline":false,"strikeThrough":false,"iconURL":[],"background":"transparent","borderColor":"black","borderSize":0,"borderRadius":3,"borderStyle":"Solid","maxWidth":null},"isHeader":true,"headerSeparatorDisplayMode":"NEVER","overflowStrategy":"NONE","textAlign":"CENTER"},"outsideLabels":[],"style":{"background":"transparent","borderColor":"#000000","borderSize":1,"borderRadius":0,"borderStyle":"Solid"},"childrenLayoutStrategy":{"areChildNodesDraggable":true,"topGap":0,"bottomGap":10,"growableNodeIds":[],"kind":"List"},"borderNodes":[],"childNodes":[],"defaultWidth":125,"defaultHeight":60,"labelEditable":false,"pinned":false},{"id":"69b03a77-9a51-39d3-9ee5-b1ad04815ac1","type":"node:rectangle","targetObjectId":"47c4a28a-83f5-4022-8fe3-852bf77b1b67","targetObjectKind":"siriusComponents://semantic?domain=sysml&entity=RequirementUsage","targetObjectLabel":"chemical_dosage","descriptionId":"siriusComponents://nodeDescription?sourceKind=view&sourceId=8dcd14b0-6259-3193-ad2c-743f394c68e4&sourceElementId=4d4fa034-2b92-36f6-9b8d-872703419b56","borderNode":false,"modifiers":["Hidden"],"state":"Hidden","collapsingState":"EXPANDED","insideLabel":{"id":"3203d5ef-b9c9-3aa5-b4b3-934253e601b1","text":"subject","insideLabelLocation":"TOP_CENTER","style":{"color":"#000000","fontSize":12,"bold":false,"italic":true,"underline":false,"strikeThrough":false,"iconURL":[],"background":"transparent","borderColor":"black","borderSize":0,"borderRadius":3,"borderStyle":"Solid","maxWidth":null},"isHeader":true,"headerSeparatorDisplayMode":"NEVER","overflowStrategy":"NONE","textAlign":"CENTER"},"outsideLabels":[],"style":{"background":"transparent","borderColor":"#000000","borderSize":1,"borderRadius":0,"borderStyle":"Solid"},"childrenLayoutStrategy":{"areChildNodesDraggable":true,"topGap":0,"bottomGap":10,"growableNodeIds":[],"kind":"List"},"borderNodes":[],"childNodes":[],"defaultWidth":125,"defaultHeight":60,"labelEditable":false,"pinned":false},{"id":"a8f8997a-bee6-38de-b4fc-bf2664e264cd","type":"node:rectangle","targetObjectId":"47c4a28a-83f5-4022-8fe3-852bf77b1b67","targetObjectKind":"siriusComponents://semantic?domain=sysml&entity=RequirementUsage","targetObjectLabel":"chemical_dosage","descriptionId":"siriusComponents://nodeDescription?sourceKind=view&sourceId=8dcd14b0-6259-3193-ad2c-743f394c68e4&sourceElementId=d44c436c-8886-37fb-86db-a35a90c2124f","borderNode":false,"modifiers":["Hidden"],"state":"Hidden","collapsingState":"EXPANDED","insideLabel":{"id":"9c32d3cf-fec4-3c14-8231-5742aeb7ec0a","text":"actors","insideLabelLocation":"TOP_CENTER","style":{"color":"#000000","fontSize":12,"bold":false,"italic":true,"underline":false,"strikeThrough":false,"iconURL":[],"background":"transparent","borderColor":"black","borderSize":0,"borderRadius":3,"borderStyle":"Solid","maxWidth":null},"isHeader":true,"headerSeparatorDisplayMode":"NEVER","overflowStrategy":"NONE","textAlign":"CENTER"},"outsideLabels":[],"style":{"background":"transparent","borderColor":"#000000","borderSize":1,"borderRadius":0,"borderStyle":"Solid"},"childrenLayoutStrategy":{"areChildNodesDraggable":true,"topGap":0,"bottomGap":10,"growableNodeIds":[],"kind":"List"},"borderNodes":[],"childNodes":[],"defaultWidth":125,"defaultHeight":60,"labelEditable":false,"pinned":false},{"id":"365f89ec-f3fc-3031-a64f-a3550c25a09c","type":"node:rectangle","targetObjectId":"47c4a28a-83f5-4022-8fe3-852bf77b1b67","targetObjectKind":"siriusComponents://semantic?domain=sysml&entity=RequirementUsage","targetObjectLabel":"chemical_dosage","descriptionId":"siriusComponents://nodeDescription?sourceKind=view&sourceId=8dcd14b0-6259-3193-ad2c-743f394c68e4&sourceElementId=d84402c7-c521-317a-b4a6-01844a34de97","borderNode":false,"modifiers":["Hidden"],"state":"Hidden","collapsingState":"EXPANDED","insideLabel":{"id":"df0db80a-bc85-37bc-8030-b70a7bfee364","text":"stakeholders","insideLabelLocation":"TOP_CENTER","style":{"color":"#000000","fontSize":12,"bold":false,"italic":true,"underline":false,"strikeThrough":false,"iconURL":[],"background":"transparent","borderColor":"black","borderSize":0,"borderRadius":3,"borderStyle":"Solid","maxWidth":null},"isHeader":true,"headerSeparatorDisplayMode":"NEVER","overflowStrategy":"NONE","textAlign":"CENTER"},"outsideLabels":[],"style":{"background":"transparent","borderColor":"#000000","borderSize":1,"borderRadius":0,"borderStyle":"Solid"},"childrenLayoutStrategy":{"areChildNodesDraggable":true,"topGap":0,"bottomGap":10,"growableNodeIds":[],"kind":"List"},"borderNodes":[],"childNodes":[],"defaultWidth":125,"defaultHeight":60,"labelEditable":false,"pinned":false}],"defaultWidth":125,"defaultHeight":60,"labelEditable":true,"pinned":false},{"id":"08752e1c-c9e1-31a1-92e1-6f61cd810ec7","type":"node:rectangle","targetObjectId":"5c3d5ba5-08ea-4fe6-8ac0-f75aeb0a33b5","targetObjectKind":"siriusComponents://semantic?domain=sysml&entity=ConstraintUsage","targetObjectLabel":"amount_of_dosage","descriptionId":"siriusComponents://nodeDescription?sourceKind=view&sourceId=8dcd14b0-6259-3193-ad2c-743f394c68e4&sourceElementId=99c90c48-a9e9-38ef-bb19-13b2065f0ba2","borderNode":false,"modifiers":[],"state":"Normal","collapsingState":"EXPANDED","insideLabel":{"id":"04c55062-e6c5-3199-b371-2681be2a0d0b","text":"«constraint»\n<REQ 02> amount_of_dosage","insideLabelLocation":"TOP_CENTER","style":{"color":"#000000","fontSize":14,"bold":false,"italic":false,"underline":false,"strikeThrough":false,"iconURL":["/icons/full/obj16/ConstraintUsage.svg"],"background":"transparent","borderColor":"black","borderSize":0,"borderRadius":3,"borderStyle":"Solid","maxWidth":null},"isHeader":true,"headerSeparatorDisplayMode":"IF_CHILDREN","overflowStrategy":"NONE","textAlign":"CENTER"},"outsideLabels":[],"style":{"background":"#ffffff","borderColor":"#000000","borderSize":1,"borderRadius":10,"borderStyle":"Solid"},"childrenLayoutStrategy":{"areChildNodesDraggable":false,"topGap":0,"bottomGap":0,"growableNodeIds":[],"kind":"List"},"borderNodes":[],"childNodes":[{"id":"0df39de7-8cf6-3595-957b-2c739204eda1","type":"node:rectangle","targetObjectId":"5c3d5ba5-08ea-4fe6-8ac0-f75aeb0a33b5","targetObjectKind":"siriusComponents://semantic?domain=sysml&entity=ConstraintUsage","targetObjectLabel":"amount_of_dosage","descriptionId":"siriusComponents://nodeDescription?sourceKind=view&sourceId=8dcd14b0-6259-3193-ad2c-743f394c68e4&sourceElementId=65ed7c23-e99b-3a96-9df1-04bf1f4aec3a","borderNode":false,"modifiers":[],"state":"Normal","collapsingState":"EXPANDED","insideLabel":{"id":"335e0613-945b-33cc-a800-00fb20800402","text":"doc","insideLabelLocation":"TOP_CENTER","style":{"color":"#000000","fontSize":12,"bold":false,"italic":true,"underline":false,"strikeThrough":false,"iconURL":[],"background":"transparent","borderColor":"black","borderSize":0,"borderRadius":3,"borderStyle":"Solid","maxWidth":null},"isHeader":true,"headerSeparatorDisplayMode":"NEVER","overflowStrategy":"NONE","textAlign":"CENTER"},"outsideLabels":[],"style":{"background":"transparent","borderColor":"#000000","borderSize":1,"borderRadius":0,"borderStyle":"Solid"},"childrenLayoutStrategy":{"areChildNodesDraggable":true,"topGap":0,"bottomGap":10,"growableNodeIds":[],"kind":"List"},"borderNodes":[],"childNodes":[{"id":"d15139af-76ac-3e03-a26b-5bc712278ef9","type":"node:icon-label","targetObjectId":"35844018-b8ef-4dd5-a57a-98d2b254521b","targetObjectKind":"siriusComponents://semantic?domain=sysml&entity=Documentation","targetObjectLabel":"","descriptionId":"siriusComponents://nodeDescription?sourceKind=view&sourceId=8dcd14b0-6259-3193-ad2c-743f394c68e4&sourceElementId=99580b3c-b826-3a19-a144-dcaf64748051","borderNode":false,"modifiers":[],"state":"Normal","collapsingState":"EXPANDED","insideLabel":{"id":"8b11bc8a-614f-3b03-8cb7-920b5a3bd2de","text":"chemical dosage = +5% Or -5%","insideLabelLocation":"TOP_LEFT","style":{"color":"#000000","fontSize":14,"bold":false,"italic":false,"underline":false,"strikeThrough":false,"iconURL":["/icons/full/obj16/Documentation.svg"],"background":"transparent","borderColor":"black","borderSize":0,"borderRadius":3,"borderStyle":"Solid","maxWidth":null},"isHeader":false,"headerSeparatorDisplayMode":"NEVER","overflowStrategy":"WRAP","textAlign":"LEFT"},"outsideLabels":[],"style":{"background":"transparent"},"childrenLayoutStrategy":null,"borderNodes":[],"childNodes":[],"defaultWidth":125,"defaultHeight":15,"labelEditable":true,"pinned":false}],"defaultWidth":125,"defaultHeight":60,"labelEditable":false,"pinned":false},{"id":"33d8c2aa-83f8-39e0-8926-505a65084a76","type":"node:rectangle","targetObjectId":"5c3d5ba5-08ea-4fe6-8ac0-f75aeb0a33b5","targetObjectKind":"siriusComponents://semantic?domain=sysml&entity=ConstraintUsage","targetObjectLabel":"amount_of_dosage","descriptionId":"siriusComponents://nodeDescription?sourceKind=view&sourceId=8dcd14b0-6259-3193-ad2c-743f394c68e4&sourceElementId=464b2bb6-2b22-32ba-81fc-47869042febe","borderNode":false,"modifiers":["Hidden"],"state":"Hidden","collapsingState":"EXPANDED","insideLabel":{"id":"91c461bb-7cc4-3714-97d4-27f77fba0352","text":"constraints","insideLabelLocation":"TOP_CENTER","style":{"color":"#000000","fontSize":12,"bold":false,"italic":true,"underline":false,"strikeThrough":false,"iconURL":[],"background":"transparent","borderColor":"black","borderSize":0,"borderRadius":3,"borderStyle":"Solid","maxWidth":null},"isHeader":true,"headerSeparatorDisplayMode":"NEVER","overflowStrategy":"NONE","textAlign":"CENTER"},"outsideLabels":[],"style":{"background":"transparent","borderColor":"#000000","borderSize":1,"borderRadius":0,"borderStyle":"Solid"},"childrenLayoutStrategy":{"areChildNodesDraggable":true,"topGap":0,"bottomGap":10,"growableNodeIds":[],"kind":"List"},"borderNodes":[],"childNodes":[],"defaultWidth":125,"defaultHeight":60,"labelEditable":false,"pinned":false}],"defaultWidth":125,"defaultHeight":60,"labelEditable":true,"pinned":false},{"id":"b4fea1e3-ac44-36e0-869f-6aa981050072","type":"node:rectangle","targetObjectId":"f4784202-8f9d-4a2e-943d-8687c2f17a30","targetObjectKind":"siriusComponents://semantic?domain=sysml&entity=ConstraintUsage","targetObjectLabel":"spray_zone","descriptionId":"siriusComponents://nodeDescription?sourceKind=view&sourceId=8dcd14b0-6259-3193-ad2c-743f394c68e4&sourceElementId=99c90c48-a9e9-38ef-bb19-13b2065f0ba2","borderNode":false,"modifiers":[],"state":"Normal","collapsingState":"EXPANDED","insideLabel":{"id":"169da709-579d-389d-a246-c532d1d3a251","text":"«constraint»\nspray_zone","insideLabelLocation":"TOP_CENTER","style":{"color":"#000000","fontSize":14,"bold":false,"italic":false,"underline":false,"strikeThrough":false,"iconURL":["/icons/full/obj16/ConstraintUsage.svg"],"background":"transparent","borderColor":"black","borderSize":0,"borderRadius":3,"borderStyle":"Solid","maxWidth":null},"isHeader":true,"headerSeparatorDisplayMode":"IF_CHILDREN","overflowStrategy":"NONE","textAlign":"CENTER"},"outsideLabels":[],"style":{"background":"#ffffff","borderColor":"#000000","borderSize":1,"borderRadius":10,"borderStyle":"Solid"},"childrenLayoutStrategy":{"areChildNodesDraggable":false,"topGap":0,"bottomGap":0,"growableNodeIds":[],"kind":"List"},"borderNodes":[],"childNodes":[{"id":"bfd10e35-3b30-370b-92ba-220325eaac67","type":"node:rectangle","targetObjectId":"f4784202-8f9d-4a2e-943d-8687c2f17a30","targetObjectKind":"siriusComponents://semantic?domain=sysml&entity=ConstraintUsage","targetObjectLabel":"spray_zone","descriptionId":"siriusComponents://nodeDescription?sourceKind=view&sourceId=8dcd14b0-6259-3193-ad2c-743f394c68e4&sourceElementId=65ed7c23-e99b-3a96-9df1-04bf1f4aec3a","borderNode":false,"modifiers":[],"state":"Normal","collapsingState":"EXPANDED","insideLabel":{"id":"823ec4ad-6826-3729-854d-b6083bc7f844","text":"doc","insideLabelLocation":"TOP_CENTER","style":{"color":"#000000","fontSize":12,"bold":false,"italic":true,"underline":false,"strikeThrough":false,"iconURL":[],"background":"transparent","borderColor":"black","borderSize":0,"borderRadius":3,"borderStyle":"Solid","maxWidth":null},"isHeader":true,"headerSeparatorDisplayMode":"NEVER","overflowStrategy":"NONE","textAlign":"CENTER"},"outsideLabels":[],"style":{"background":"transparent","borderColor":"#000000","borderSize":1,"borderRadius":0,"borderStyle":"Solid"},"childrenLayoutStrategy":{"areChildNodesDraggable":true,"topGap":0,"bottomGap":10,"growableNodeIds":[],"kind":"List"},"borderNodes":[],"childNodes":[{"id":"dba02a15-fda1-37fc-b642-d9b504271c1e","type":"node:icon-label","targetObjectId":"dd28556b-dae6-427d-96ef-181970b246d2","targetObjectKind":"siriusComponents://semantic?domain=sysml&entity=Documentation","targetObjectLabel":"","descriptionId":"siriusComponents://nodeDescription?sourceKind=view&sourceId=8dcd14b0-6259-3193-ad2c-743f394c68e4&sourceElementId=99580b3c-b826-3a19-a144-dcaf64748051","borderNode":false,"modifiers":[],"state":"Normal","collapsingState":"EXPANDED","insideLabel":{"id":"d0d06025-246e-3548-8896-8ae23c8b5c3c","text":"System shall spraying accuracy shall be in +1m Or -1m target zones except unnecessary zone.","insideLabelLocation":"TOP_LEFT","style":{"color":"#000000","fontSize":14,"bold":false,"italic":false,"underline":false,"strikeThrough":false,"iconURL":["/icons/full/obj16/Documentation.svg"],"background":"transparent","borderColor":"black","borderSize":0,"borderRadius":3,"borderStyle":"Solid","maxWidth":null},"isHeader":false,"headerSeparatorDisplayMode":"NEVER","overflowStrategy":"WRAP","textAlign":"LEFT"},"outsideLabels":[],"style":{"background":"transparent"},"childrenLayoutStrategy":null,"borderNodes":[],"childNodes":[],"defaultWidth":125,"defaultHeight":15,"labelEditable":true,"pinned":false}],"defaultWidth":125,"defaultHeight":60,"labelEditable":false,"pinned":false},{"id":"159f09b3-fb59-303b-8a23-94e72e25a884","type":"node:rectangle","targetObjectId":"f4784202-8f9d-4a2e-943d-8687c2f17a30","targetObjectKind":"siriusComponents://semantic?domain=sysml&entity=ConstraintUsage","targetObjectLabel":"spray_zone","descriptionId":"siriusComponents://nodeDescription?sourceKind=view&sourceId=8dcd14b0-6259-3193-ad2c-743f394c68e4&sourceElementId=464b2bb6-2b22-32ba-81fc-47869042febe","borderNode":false,"modifiers":["Hidden"],"state":"Hidden","collapsingState":"EXPANDED","insideLabel":{"id":"baf1a524-0e55-3b13-84ec-854193692260","text":"constraints","insideLabelLocation":"TOP_CENTER","style":{"color":"#000000","fontSize":12,"bold":false,"italic":true,"underline":false,"strikeThrough":false,"iconURL":[],"background":"transparent","borderColor":"black","borderSize":0,"borderRadius":3,"borderStyle":"Solid","maxWidth":null},"isHeader":true,"headerSeparatorDisplayMode":"NEVER","overflowStrategy":"NONE","textAlign":"CENTER"},"outsideLabels":[],"style":{"background":"transparent","borderColor":"#000000","borderSize":1,"borderRadius":0,"borderStyle":"Solid"},"childrenLayoutStrategy":{"areChildNodesDraggable":true,"topGap":0,"bottomGap":10,"growableNodeIds":[],"kind":"List"},"borderNodes":[],"childNodes":[],"defaultWidth":125,"defaultHeight":60,"labelEditable":false,"pinned":false}],"defaultWidth":125,"defaultHeight":60,"labelEditable":true,"pinned":false}],"edges":[{"id":"2432a1c3-ea7f-3c44-8302-793b4790de2d","type":"edge:straight","targetObjectId":"a0c18a38-eb62-4f7a-890a-725211e4484c","targetObjectKind":"siriusComponents://semantic?domain=sysml&entity=Dependency","targetObjectLabel":"refine","descriptionId":"siriusComponents://edgeDescription?sourceKind=view&sourceId=8dcd14b0-6259-3193-ad2c-743f394c68e4&sourceElementId=9938eddb-e21d-3a4e-8817-f5d5479aad24","beginLabel":null,"centerLabel":{"id":"5d8c805b-b7b9-381c-84f7-8a077d09ba64","type":"label:edge-center","text":"refine","style":{"color":"#000000","fontSize":14,"bold":false,"italic":false,"underline":false,"strikeThrough":false,"iconURL":[],"background":"transparent","borderColor":"black","borderSize":0,"borderRadius":3,"borderStyle":"Solid","maxWidth":null}},"endLabel":null,"sourceId":"b4fea1e3-ac44-36e0-869f-6aa981050072","targetId":"33b61402-563c-3a4c-b152-9b0f8aa1c0f3","modifiers":[],"state":"Normal","style":{"size":1,"lineStyle":"Dash","sourceArrow":"None","targetArrow":"InputArrow","color":"#000000"},"centerLabelEditable":true},{"id":"a42f9f65-b2c6-3970-97c4-da99656fbd08","type":"edge:straight","targetObjectId":"41f40d7e-49c9-45d3-b265-166773635ed4","targetObjectKind":"siriusComponents://semantic?domain=sysml&entity=Dependency","targetObjectLabel":"refine","descriptionId":"siriusComponents://edgeDescription?sourceKind=view&sourceId=8dcd14b0-6259-3193-ad2c-743f394c68e4&sourceElementId=9938eddb-e21d-3a4e-8817-f5d5479aad24","beginLabel":null,"centerLabel":{"id":"6697e2ab-cd41-3973-8770-043549c13285","type":"label:edge-center","text":"refine","style":{"color":"#000000","fontSize":14,"bold":false,"italic":false,"underline":false,"strikeThrough":false,"iconURL":[],"background":"transparent","borderColor":"black","borderSize":0,"borderRadius":3,"borderStyle":"Solid","maxWidth":null}},"endLabel":null,"sourceId":"08752e1c-c9e1-31a1-92e1-6f61cd810ec7","targetId":"59c75592-4b13-351c-a716-4d2fae712dd5","modifiers":[],"state":"Normal","style":{"size":1,"lineStyle":"Dash","sourceArrow":"None","targetArrow":"InputArrow","color":"#000000"},"centerLabelEditable":true}],"layoutData":{"nodeLayoutData":{"b4fea1e3-ac44-36e0-869f-6aa981050072":{"id":"b4fea1e3-ac44-36e0-869f-6aa981050072","position":{"x":0.0,"y":0.0},"size":{"width":137.04999694824218,"height":229.9999938964844},"resizedByUser":false},"d15139af-76ac-3e03-a26b-5bc712278ef9":{"id":"d15139af-76ac-3e03-a26b-5bc712278ef9","position":{"x":0.0,"y":32.0},"size":{"width":250.79998779296875,"height":16.800003051757812},"resizedByUser":false},"365f89ec-f3fc-3031-a64f-a3550c25a09c":{"id":"365f89ec-f3fc-3031-a64f-a3550c25a09c","position":{"x":0.0,"y":0.0},"size":{"width":125.0,"height":60.0},"resizedByUser":false},"79053091-9c99-38ee-8202-fd3d0208c726":{"id":"79053091-9c99-38ee-8202-fd3d0208c726","position":{"x":0.0,"y":0.0},"size":{"width":125.0,"height":60.0},"resizedByUser":false},"b8e0be1e-a75a-321f-b0f3-3400d7fdc761":{"id":"b8e0be1e-a75a-321f-b0f3-3400d7fdc761","position":{"x":0.0,"y":0.0},"size":{"width":125.0,"height":60.0},"resizedByUser":false},"33b61402-563c-3a4c-b152-9b0f8aa1c0f3":{"id":"33b61402-563c-3a4c-b152-9b0f8aa1c0f3","position":{"x":-174.23019672220676,"y":-168.79270672492754},"size":{"width":491.3999877929688,"height":60.0},"resizedByUser":false},"159f09b3-fb59-303b-8a23-94e72e25a884":{"id":"159f09b3-fb59-303b-8a23-94e72e25a884","position":{"x":0.0,"y":0.0},"size":{"width":125.0,"height":60.0},"resizedByUser":false},"d799ac0c-e318-36bb-90b0-41ad133874c7":{"id":"d799ac0c-e318-36bb-90b0-41ad133874c7","position":{"x":0.0,"y":0.0},"size":{"width":125.0,"height":60.0},"resizedByUser":false},"dc7757ae-a438-326b-ab50-1232d876f451":{"id":"dc7757ae-a438-326b-ab50-1232d876f451","position":{"x":0.0,"y":0.0},"size":{"width":125.0,"height":60.0},"resizedByUser":false},"b8b1a967-e81e-3d55-b60a-03aaec420c2f":{"id":"b8b1a967-e81e-3d55-b60a-03aaec420c2f","position":{"x":0.0,"y":0.0},"size":{"width":125.0,"height":60.0},"resizedByUser":false},"08752e1c-c9e1-31a1-92e1-6f61cd810ec7":{"id":"08752e1c-c9e1-31a1-92e1-6f61cd810ec7","position":{"x":364.078622216726,"y":52.8},"size":{"width":252.39998779296874,"height":113.6},"resizedByUser":false},"e02a8e91-5353-3d2c-90b5-e848b1bb8351":{"id":"e02a8e91-5353-3d2c-90b5-e848b1bb8351","position":{"x":0.0,"y":0.0},"size":{"width":125.0,"height":60.0},"resizedByUser":false},"bfd10e35-3b30-370b-92ba-220325eaac67":{"id":"bfd10e35-3b30-370b-92ba-220325eaac67","position":{"x":0.8,"y":52.8},"size":{"width":135.4499969482422,"height":176.39999389648438},"resizedByUser":false},"59c75592-4b13-351c-a716-4d2fae712dd5":{"id":"59c75592-4b13-351c-a716-4d2fae712dd5","position":{"x":380.457321653229,"y":-168.79270672492754},"size":{"width":436.6499877929688,"height":60.0},"resizedByUser":false},"a5ab48ed-b9e2-3bb3-bdb3-fcf312ea8d17":{"id":"a5ab48ed-b9e2-3bb3-bdb3-fcf312ea8d17","position":{"x":0.0,"y":0.0},"size":{"width":125.0,"height":60.0},"resizedByUser":false},"0df39de7-8cf6-3595-957b-2c739204eda1":{"id":"0df39de7-8cf6-3595-957b-2c739204eda1","position":{"x":0.8,"y":52.8},"size":{"width":250.79998779296875,"height":60.0},"resizedByUser":false},"67612ccf-29f9-32fa-9ebc-3362a133b6b3":{"id":"67612ccf-29f9-32fa-9ebc-3362a133b6b3","position":{"x":0.0,"y":0.0},"size":{"width":125.0,"height":60.0},"resizedByUser":false},"dba02a15-fda1-37fc-b642-d9b504271c1e":{"id":"dba02a15-fda1-37fc-b642-d9b504271c1e","position":{"x":0.0,"y":32.0},"size":{"width":135.4499969482422,"height":134.39999389648438},"resizedByUser":false},"766a223f-fa26-307c-8be2-30474b37ff3f":{"id":"766a223f-fa26-307c-8be2-30474b37ff3f","position":{"x":0.0,"y":0.0},"size":{"width":125.0,"height":60.0},"resizedByUser":false},"11c35036-cd7f-3005-afd8-384c174a3648":{"id":"11c35036-cd7f-3005-afd8-384c174a3648","position":{"x":0.0,"y":0.0},"size":{"width":125.0,"height":60.0},"resizedByUser":false},"33d8c2aa-83f8-39e0-8926-505a65084a76":{"id":"33d8c2aa-83f8-39e0-8926-505a65084a76","position":{"x":0.0,"y":0.0},"size":{"width":125.0,"height":60.0},"resizedByUser":false},"a8f8997a-bee6-38de-b4fc-bf2664e264cd":{"id":"a8f8997a-bee6-38de-b4fc-bf2664e264cd","position":{"x":0.0,"y":0.0},"size":{"width":125.0,"height":60.0},"resizedByUser":false},"69b03a77-9a51-39d3-9ee5-b1ad04815ac1":{"id":"69b03a77-9a51-39d3-9ee5-b1ad04815ac1","position":{"x":0.0,"y":0.0},"size":{"width":125.0,"height":60.0},"resizedByUser":false},"7391a675-c492-3296-9848-8bd0e306a5c9":{"id":"7391a675-c492-3296-9848-8bd0e306a5c9","position":{"x":0.0,"y":0.0},"size":{"width":125.0,"height":60.0},"resizedByUser":false}},"edgeLayoutData":{},"labelLayoutData":{}}}}