{"id":"e5dcac10-53a0-4928-bd58-c5f74dd7050c","projectId":"0f8b3b25-43bb-4a86-b07f-4db50814a839","descriptionId":"siriusComponents://representationDescription?kind=diagramDescription&sourceKind=view&sourceId=74c5d045-51d7-359f-9634-611d0f1bef3d&sourceElementId=e1bd3b6d-357b-3068-b2e9-e0c1e19d6856","targetObjectId":"79ce4780-7459-49f3-ab38-9d3f541761f8","label":"Interconnection View","kind":"siriusComponents://representation?type=Diagram","representation":{"id":"e5dcac10-53a0-4928-bd58-c5f74dd7050c","kind":"siriusComponents://representation?type=Diagram","targetObjectId":"79ce4780-7459-49f3-ab38-9d3f541761f8","descriptionId":"siriusComponents://representationDescription?kind=diagramDescription&sourceKind=view&sourceId=74c5d045-51d7-359f-9634-611d0f1bef3d&sourceElementId=e1bd3b6d-357b-3068-b2e9-e0c1e19d6856","nodes":[{"id":"f0695e02-42d4-36b8-9e6b-3137ca4c15c3","type":"node:rectangle","targetObjectId":"79ce4780-7459-49f3-ab38-9d3f541761f8","targetObjectKind":"siriusComponents://semantic?domain=sysml&entity=ConstraintDefinition","targetObjectLabel":"Spray_Area_Constraints","descriptionId":"siriusComponents://nodeDescription?sourceKind=view&sourceId=74c5d045-51d7-359f-9634-611d0f1bef3d&sourceElementId=4055a909-560d-3db5-a777-ea29c14cc2c2","borderNode":false,"modifiers":[],"state":"Normal","collapsingState":"EXPANDED","insideLabel":{"id":"6f5a20e3-1027-3ccf-8c91-b94189cf459c","text":"«constraint def»\nSpray_Area_Constraints","insideLabelLocation":"TOP_CENTER","style":{"color":"#000000","fontSize":14,"bold":false,"italic":false,"underline":false,"strikeThrough":false,"iconURL":["/icons/full/obj16/ConstraintDefinition.svg"],"background":"transparent","borderColor":"black","borderSize":0,"borderRadius":3,"borderStyle":"Solid","maxWidth":null},"isHeader":true,"headerSeparatorDisplayMode":"NEVER","overflowStrategy":"NONE","textAlign":"CENTER"},"outsideLabels":[],"style":{"background":"#ffffff","borderColor":"#000000","borderSize":1,"borderRadius":0,"borderStyle":"Solid"},"childrenLayoutStrategy":{"kind":"FreeForm"},"borderNodes":[{"id":"7bd69368-6b4d-3bf6-8c86-a559eef9197d","type":"node:rectangle","targetObjectId":"5f98c23f-bfb1-48bb-b3d7-47bc51022d05","targetObjectKind":"siriusComponents://semantic?domain=sysml&entity=PortUsage","targetObjectLabel":"distance_measure","descriptionId":"siriusComponents://nodeDescription?sourceKind=view&sourceId=74c5d045-51d7-359f-9634-611d0f1bef3d&sourceElementId=9e813b81-da01-3300-8d02-c881f85ccadc","borderNode":true,"modifiers":[],"state":"Normal","collapsingState":"EXPANDED","insideLabel":null,"outsideLabels":[{"id":"cd7c8aa3-222c-38b1-bd39-9a689a7ed02d","text":"distance_measure","outsideLabelLocation":"BOTTOM_MIDDLE","style":{"color":"#000000","fontSize":12,"bold":false,"italic":false,"underline":false,"strikeThrough":false,"iconURL":[],"background":"transparent","borderColor":"black","borderSize":0,"borderRadius":3,"borderStyle":"Solid","maxWidth":null},"overflowStrategy":"NONE","textAlign":"LEFT"}],"style":{"background":"#ffffff","borderColor":"#000000","borderSize":1,"borderRadius":0,"borderStyle":"Solid"},"childrenLayoutStrategy":null,"borderNodes":[],"childNodes":[],"defaultWidth":10,"defaultHeight":10,"labelEditable":true,"pinned":false}],"childNodes":[{"id":"8074d041-5db9-3f50-9649-38e117c0df18","type":"node:rectangle","targetObjectId":"fe6c43a4-1186-4cac-834b-1ebb10fdc16c","targetObjectKind":"siriusComponents://semantic?domain=sysml&entity=PartUsage","targetObjectLabel":"navigation","descriptionId":"siriusComponents://nodeDescription?sourceKind=view&sourceId=74c5d045-51d7-359f-9634-611d0f1bef3d&sourceElementId=700133eb-7806-3dce-98d2-9ec37d212aaa","borderNode":false,"modifiers":[],"state":"Normal","collapsingState":"EXPANDED","insideLabel":{"id":"358c7e82-56d2-3fce-8c96-9867279ab72c","text":"«part»\nnavigation : Fully_Autonomous_Navigation_And_Decision-Making","insideLabelLocation":"TOP_CENTER","style":{"color":"#000000","fontSize":14,"bold":false,"italic":false,"underline":false,"strikeThrough":false,"iconURL":["/icons/full/obj16/PartUsage.svg"],"background":"transparent","borderColor":"black","borderSize":0,"borderRadius":3,"borderStyle":"Solid","maxWidth":null},"isHeader":true,"headerSeparatorDisplayMode":"IF_CHILDREN","overflowStrategy":"NONE","textAlign":"CENTER"},"outsideLabels":[],"style":{"background":"#ffffff","borderColor":"#000000","borderSize":1,"borderRadius":10,"borderStyle":"Solid"},"childrenLayoutStrategy":{"areChildNodesDraggable":false,"topGap":0,"bottomGap":0,"growableNodeIds":["siriusComponents://nodeDescription?sourceKind=view&sourceId=74c5d045-51d7-359f-9634-611d0f1bef3d&sourceElementId=a77b4c6c-526d-3fe4-822b-de505f743123"],"kind":"List"},"borderNodes":[{"id":"c8ead44a-b139-3167-a087-9e9345869178","type":"node:rectangle","targetObjectId":"b52bffcf-5720-4a9c-95da-b2fb0df1beaf","targetObjectKind":"siriusComponents://semantic?domain=sysml&entity=PortUsage","targetObjectLabel":"distance_measure","descriptionId":"siriusComponents://nodeDescription?sourceKind=view&sourceId=74c5d045-51d7-359f-9634-611d0f1bef3d&sourceElementId=de70405c-a973-3bca-88a6-c6829548952d","borderNode":true,"modifiers":[],"state":"Normal","collapsingState":"EXPANDED","insideLabel":null,"outsideLabels":[{"id":"d85fe6b5-b61b-347c-bab4-c33b4a048840","text":"distance_measure : ScalarValues::Real","outsideLabelLocation":"BOTTOM_MIDDLE","style":{"color":"#000000","fontSize":12,"bold":false,"italic":false,"underline":false,"strikeThrough":false,"iconURL":[],"background":"transparent","borderColor":"black","borderSize":0,"borderRadius":3,"borderStyle":"Solid","maxWidth":null},"overflowStrategy":"NONE","textAlign":"LEFT"}],"style":{"background":"#ffffff","borderColor":"#000000","borderSize":1,"borderRadius":0,"borderStyle":"Solid"},"childrenLayoutStrategy":null,"borderNodes":[],"childNodes":[],"defaultWidth":10,"defaultHeight":10,"labelEditable":true,"pinned":false},{"id":"3e23c39b-5e52-3a46-9e9d-565ebe4b9dea","type":"node:rectangle","targetObjectId":"5956b54f-29fd-4ff5-b190-53ddb1b6fa47","targetObjectKind":"siriusComponents://semantic?domain=sysml&entity=PortUsage","targetObjectLabel":"nav/ground value","descriptionId":"siriusComponents://nodeDescription?sourceKind=view&sourceId=74c5d045-51d7-359f-9634-611d0f1bef3d&sourceElementId=de70405c-a973-3bca-88a6-c6829548952d","borderNode":true,"modifiers":[],"state":"Normal","collapsingState":"EXPANDED","insideLabel":null,"outsideLabels":[{"id":"e96c154b-a3d0-341d-bbe7-b7edf19bca45","text":"nav/ground value : ScalarValues::Real","outsideLabelLocation":"BOTTOM_MIDDLE","style":{"color":"#000000","fontSize":12,"bold":false,"italic":false,"underline":false,"strikeThrough":false,"iconURL":[],"background":"transparent","borderColor":"black","borderSize":0,"borderRadius":3,"borderStyle":"Solid","maxWidth":null},"overflowStrategy":"NONE","textAlign":"LEFT"}],"style":{"background":"#ffffff","borderColor":"#000000","borderSize":1,"borderRadius":0,"borderStyle":"Solid"},"childrenLayoutStrategy":null,"borderNodes":[],"childNodes":[],"defaultWidth":10,"defaultHeight":10,"labelEditable":true,"pinned":false},{"id":"2fdf7f21-486a-312b-ac9f-5807bc4947f3","type":"node:rectangle","targetObjectId":"df28f082-8360-4f8e-ae12-1c1bfbd71456","targetObjectKind":"siriusComponents://semantic?domain=sysml&entity=PortUsage","targetObjectLabel":"control/latency value","descriptionId":"siriusComponents://nodeDescription?sourceKind=view&sourceId=74c5d045-51d7-359f-9634-611d0f1bef3d&sourceElementId=de70405c-a973-3bca-88a6-c6829548952d","borderNode":true,"modifiers":[],"state":"Normal","collapsingState":"EXPANDED","insideLabel":null,"outsideLabels":[{"id":"13e5e140-542d-368e-a42b-1e2b575423cc","text":"control/latency value : ScalarValues::Real","outsideLabelLocation":"BOTTOM_MIDDLE","style":{"color":"#000000","fontSize":12,"bold":false,"italic":false,"underline":false,"strikeThrough":false,"iconURL":[],"background":"transparent","borderColor":"black","borderSize":0,"borderRadius":3,"borderStyle":"Solid","maxWidth":null},"overflowStrategy":"NONE","textAlign":"LEFT"}],"style":{"background":"#ffffff","borderColor":"#000000","borderSize":1,"borderRadius":0,"borderStyle":"Solid"},"childrenLayoutStrategy":null,"borderNodes":[],"childNodes":[],"defaultWidth":10,"defaultHeight":10,"labelEditable":true,"pinned":false}],"childNodes":[{"id":"3f999022-a965-3337-9227-2578c90be799","type":"node:rectangle","targetObjectId":"fe6c43a4-1186-4cac-834b-1ebb10fdc16c","targetObjectKind":"siriusComponents://semantic?domain=sysml&entity=PartUsage","targetObjectLabel":"navigation","descriptionId":"siriusComponents://nodeDescription?sourceKind=view&sourceId=74c5d045-51d7-359f-9634-611d0f1bef3d&sourceElementId=9f871f18-dbda-3798-8e28-094acfae6a2d","borderNode":false,"modifiers":["Hidden"],"state":"Hidden","collapsingState":"EXPANDED","insideLabel":{"id":"67e02c1d-cc06-3444-9dc9-3dc786117801","text":"doc","insideLabelLocation":"TOP_CENTER","style":{"color":"#000000","fontSize":12,"bold":false,"italic":true,"underline":false,"strikeThrough":false,"iconURL":[],"background":"transparent","borderColor":"black","borderSize":0,"borderRadius":3,"borderStyle":"Solid","maxWidth":null},"isHeader":true,"headerSeparatorDisplayMode":"NEVER","overflowStrategy":"NONE","textAlign":"CENTER"},"outsideLabels":[],"style":{"background":"transparent","borderColor":"#000000","borderSize":1,"borderRadius":0,"borderStyle":"Solid"},"childrenLayoutStrategy":{"areChildNodesDraggable":true,"topGap":0,"bottomGap":10,"growableNodeIds":[],"kind":"List"},"borderNodes":[],"childNodes":[],"defaultWidth":125,"defaultHeight":60,"labelEditable":false,"pinned":false},{"id":"d2f7ec5e-06c9-31ef-a475-f341f36cc860","type":"node:rectangle","targetObjectId":"fe6c43a4-1186-4cac-834b-1ebb10fdc16c","targetObjectKind":"siriusComponents://semantic?domain=sysml&entity=PartUsage","targetObjectLabel":"navigation","descriptionId":"siriusComponents://nodeDescription?sourceKind=view&sourceId=74c5d045-51d7-359f-9634-611d0f1bef3d&sourceElementId=85d2283f-c727-34f0-ba1b-695e544d15a7","borderNode":false,"modifiers":["Hidden"],"state":"Hidden","collapsingState":"EXPANDED","insideLabel":{"id":"9fc8336b-3fda-37de-ad24-8401f3960e82","text":"attributes","insideLabelLocation":"TOP_CENTER","style":{"color":"#000000","fontSize":12,"bold":false,"italic":true,"underline":false,"strikeThrough":false,"iconURL":[],"background":"transparent","borderColor":"black","borderSize":0,"borderRadius":3,"borderStyle":"Solid","maxWidth":null},"isHeader":true,"headerSeparatorDisplayMode":"NEVER","overflowStrategy":"NONE","textAlign":"CENTER"},"outsideLabels":[],"style":{"background":"transparent","borderColor":"#000000","borderSize":1,"borderRadius":0,"borderStyle":"Solid"},"childrenLayoutStrategy":{"areChildNodesDraggable":true,"topGap":0,"bottomGap":10,"growableNodeIds":[],"kind":"List"},"borderNodes":[],"childNodes":[],"defaultWidth":125,"defaultHeight":60,"labelEditable":false,"pinned":false},{"id":"0216f146-285a-309e-a260-bf636d317853","type":"node:rectangle","targetObjectId":"fe6c43a4-1186-4cac-834b-1ebb10fdc16c","targetObjectKind":"siriusComponents://semantic?domain=sysml&entity=PartUsage","targetObjectLabel":"navigation","descriptionId":"siriusComponents://nodeDescription?sourceKind=view&sourceId=74c5d045-51d7-359f-9634-611d0f1bef3d&sourceElementId=a77b4c6c-526d-3fe4-822b-de505f743123","borderNode":false,"modifiers":["Hidden"],"state":"Hidden","collapsingState":"EXPANDED","insideLabel":{"id":"1fceb7af-2b4b-3a59-bc60-cc02dc7b862c","text":"parts","insideLabelLocation":"TOP_CENTER","style":{"color":"#000000","fontSize":12,"bold":false,"italic":true,"underline":false,"strikeThrough":false,"iconURL":[],"background":"transparent","borderColor":"black","borderSize":0,"borderRadius":3,"borderStyle":"Solid","maxWidth":null},"isHeader":true,"headerSeparatorDisplayMode":"NEVER","overflowStrategy":"NONE","textAlign":"CENTER"},"outsideLabels":[],"style":{"background":"transparent","borderColor":"#000000","borderSize":1,"borderRadius":0,"borderStyle":"Solid"},"childrenLayoutStrategy":{"kind":"FreeForm"},"borderNodes":[],"childNodes":[],"defaultWidth":125,"defaultHeight":150,"labelEditable":false,"pinned":false}],"defaultWidth":150,"defaultHeight":60,"labelEditable":true,"pinned":false},{"id":"2fd80647-1e07-3b2c-b0c6-38e2dcd62754","type":"node:rectangle","targetObjectId":"6b852780-04d8-4cd9-8bad-0d9c83e5fc50","targetObjectKind":"siriusComponents://semantic?domain=sysml&entity=PartUsage","targetObjectLabel":"zone_cal","descriptionId":"siriusComponents://nodeDescription?sourceKind=view&sourceId=74c5d045-51d7-359f-9634-611d0f1bef3d&sourceElementId=700133eb-7806-3dce-98d2-9ec37d212aaa","borderNode":false,"modifiers":[],"state":"Normal","collapsingState":"EXPANDED","insideLabel":{"id":"01b0cc9e-a96a-3489-82bc-de496e533628","text":"«part»\nzone_cal : Compute_spray_zone","insideLabelLocation":"TOP_CENTER","style":{"color":"#000000","fontSize":14,"bold":false,"italic":false,"underline":false,"strikeThrough":false,"iconURL":["/icons/full/obj16/PartUsage.svg"],"background":"transparent","borderColor":"black","borderSize":0,"borderRadius":3,"borderStyle":"Solid","maxWidth":null},"isHeader":true,"headerSeparatorDisplayMode":"IF_CHILDREN","overflowStrategy":"NONE","textAlign":"CENTER"},"outsideLabels":[],"style":{"background":"#ffffff","borderColor":"#000000","borderSize":1,"borderRadius":10,"borderStyle":"Solid"},"childrenLayoutStrategy":{"areChildNodesDraggable":false,"topGap":0,"bottomGap":0,"growableNodeIds":["siriusComponents://nodeDescription?sourceKind=view&sourceId=74c5d045-51d7-359f-9634-611d0f1bef3d&sourceElementId=a77b4c6c-526d-3fe4-822b-de505f743123"],"kind":"List"},"borderNodes":[{"id":"13e799f4-cd68-3352-840e-5eba0a53a543","type":"node:rectangle","targetObjectId":"772f3836-928d-4536-a7f4-3ac16be2b4f6","targetObjectKind":"siriusComponents://semantic?domain=sysml&entity=PortUsage","targetObjectLabel":"d_measure","descriptionId":"siriusComponents://nodeDescription?sourceKind=view&sourceId=74c5d045-51d7-359f-9634-611d0f1bef3d&sourceElementId=de70405c-a973-3bca-88a6-c6829548952d","borderNode":true,"modifiers":[],"state":"Normal","collapsingState":"EXPANDED","insideLabel":null,"outsideLabels":[{"id":"6f8946e9-3726-3c08-ac19-2491e511e2ac","text":"d_measure","outsideLabelLocation":"BOTTOM_MIDDLE","style":{"color":"#000000","fontSize":12,"bold":false,"italic":false,"underline":false,"strikeThrough":false,"iconURL":[],"background":"transparent","borderColor":"black","borderSize":0,"borderRadius":3,"borderStyle":"Solid","maxWidth":null},"overflowStrategy":"NONE","textAlign":"LEFT"}],"style":{"background":"#ffffff","borderColor":"#000000","borderSize":1,"borderRadius":0,"borderStyle":"Solid"},"childrenLayoutStrategy":null,"borderNodes":[],"childNodes":[],"defaultWidth":10,"defaultHeight":10,"labelEditable":true,"pinned":false},{"id":"06563e00-c206-397a-9b57-47c173dc7977","type":"node:rectangle","targetObjectId":"d3f56c06-e44c-457e-940e-bfb9478c3992","targetObjectKind":"siriusComponents://semantic?domain=sysml&entity=PortUsage","targetObjectLabel":"nav/g_value","descriptionId":"siriusComponents://nodeDescription?sourceKind=view&sourceId=74c5d045-51d7-359f-9634-611d0f1bef3d&sourceElementId=de70405c-a973-3bca-88a6-c6829548952d","borderNode":true,"modifiers":[],"state":"Normal","collapsingState":"EXPANDED","insideLabel":null,"outsideLabels":[{"id":"85d73381-d65d-32da-beb8-1f71c436488d","text":"nav/g_value","outsideLabelLocation":"BOTTOM_MIDDLE","style":{"color":"#000000","fontSize":12,"bold":false,"italic":false,"underline":false,"strikeThrough":false,"iconURL":[],"background":"transparent","borderColor":"black","borderSize":0,"borderRadius":3,"borderStyle":"Solid","maxWidth":null},"overflowStrategy":"NONE","textAlign":"LEFT"}],"style":{"background":"#ffffff","borderColor":"#000000","borderSize":1,"borderRadius":0,"borderStyle":"Solid"},"childrenLayoutStrategy":null,"borderNodes":[],"childNodes":[],"defaultWidth":10,"defaultHeight":10,"labelEditable":true,"pinned":false},{"id":"fc36e397-4700-3c83-8b0b-708e13360be5","type":"node:rectangle","targetObjectId":"1637036c-cd50-45d6-aa65-c40ba5d7991f","targetObjectKind":"siriusComponents://semantic?domain=sysml&entity=PortUsage","targetObjectLabel":"ctrl/latency_value","descriptionId":"siriusComponents://nodeDescription?sourceKind=view&sourceId=74c5d045-51d7-359f-9634-611d0f1bef3d&sourceElementId=de70405c-a973-3bca-88a6-c6829548952d","borderNode":true,"modifiers":[],"state":"Normal","collapsingState":"EXPANDED","insideLabel":null,"outsideLabels":[{"id":"ff481851-a043-32d5-8599-162332a5509f","text":"ctrl/latency_value","outsideLabelLocation":"BOTTOM_MIDDLE","style":{"color":"#000000","fontSize":12,"bold":false,"italic":false,"underline":false,"strikeThrough":false,"iconURL":[],"background":"transparent","borderColor":"black","borderSize":0,"borderRadius":3,"borderStyle":"Solid","maxWidth":null},"overflowStrategy":"NONE","textAlign":"LEFT"}],"style":{"background":"#ffffff","borderColor":"#000000","borderSize":1,"borderRadius":0,"borderStyle":"Solid"},"childrenLayoutStrategy":null,"borderNodes":[],"childNodes":[],"defaultWidth":10,"defaultHeight":10,"labelEditable":true,"pinned":false}],"childNodes":[{"id":"388c0005-b53e-3e89-a7d5-8bb60f9a003b","type":"node:rectangle","targetObjectId":"6b852780-04d8-4cd9-8bad-0d9c83e5fc50","targetObjectKind":"siriusComponents://semantic?domain=sysml&entity=PartUsage","targetObjectLabel":"zone_cal","descriptionId":"siriusComponents://nodeDescription?sourceKind=view&sourceId=74c5d045-51d7-359f-9634-611d0f1bef3d&sourceElementId=9f871f18-dbda-3798-8e28-094acfae6a2d","borderNode":false,"modifiers":["Hidden"],"state":"Hidden","collapsingState":"EXPANDED","insideLabel":{"id":"4d7b7539-2e3f-3fb2-b5c6-ace750f6d8cf","text":"doc","insideLabelLocation":"TOP_CENTER","style":{"color":"#000000","fontSize":12,"bold":false,"italic":true,"underline":false,"strikeThrough":false,"iconURL":[],"background":"transparent","borderColor":"black","borderSize":0,"borderRadius":3,"borderStyle":"Solid","maxWidth":null},"isHeader":true,"headerSeparatorDisplayMode":"NEVER","overflowStrategy":"NONE","textAlign":"CENTER"},"outsideLabels":[],"style":{"background":"transparent","borderColor":"#000000","borderSize":1,"borderRadius":0,"borderStyle":"Solid"},"childrenLayoutStrategy":{"areChildNodesDraggable":true,"topGap":0,"bottomGap":10,"growableNodeIds":[],"kind":"List"},"borderNodes":[],"childNodes":[],"defaultWidth":125,"defaultHeight":60,"labelEditable":false,"pinned":false},{"id":"480f9502-44d4-304c-8759-e45a56b95833","type":"node:rectangle","targetObjectId":"6b852780-04d8-4cd9-8bad-0d9c83e5fc50","targetObjectKind":"siriusComponents://semantic?domain=sysml&entity=PartUsage","targetObjectLabel":"zone_cal","descriptionId":"siriusComponents://nodeDescription?sourceKind=view&sourceId=74c5d045-51d7-359f-9634-611d0f1bef3d&sourceElementId=85d2283f-c727-34f0-ba1b-695e544d15a7","borderNode":false,"modifiers":["Hidden"],"state":"Hidden","collapsingState":"EXPANDED","insideLabel":{"id":"7090b8f8-2b71-346f-aca8-df9a9782607f","text":"attributes","insideLabelLocation":"TOP_CENTER","style":{"color":"#000000","fontSize":12,"bold":false,"italic":true,"underline":false,"strikeThrough":false,"iconURL":[],"background":"transparent","borderColor":"black","borderSize":0,"borderRadius":3,"borderStyle":"Solid","maxWidth":null},"isHeader":true,"headerSeparatorDisplayMode":"NEVER","overflowStrategy":"NONE","textAlign":"CENTER"},"outsideLabels":[],"style":{"background":"transparent","borderColor":"#000000","borderSize":1,"borderRadius":0,"borderStyle":"Solid"},"childrenLayoutStrategy":{"areChildNodesDraggable":true,"topGap":0,"bottomGap":10,"growableNodeIds":[],"kind":"List"},"borderNodes":[],"childNodes":[],"defaultWidth":125,"defaultHeight":60,"labelEditable":false,"pinned":false},{"id":"17130402-9586-3b45-9655-32f29da56464","type":"node:rectangle","targetObjectId":"6b852780-04d8-4cd9-8bad-0d9c83e5fc50","targetObjectKind":"siriusComponents://semantic?domain=sysml&entity=PartUsage","targetObjectLabel":"zone_cal","descriptionId":"siriusComponents://nodeDescription?sourceKind=view&sourceId=74c5d045-51d7-359f-9634-611d0f1bef3d&sourceElementId=a77b4c6c-526d-3fe4-822b-de505f743123","borderNode":false,"modifiers":["Hidden"],"state":"Hidden","collapsingState":"EXPANDED","insideLabel":{"id":"dc0ebcb5-016f-387f-adc8-3629f6ccb0fa","text":"parts","insideLabelLocation":"TOP_CENTER","style":{"color":"#000000","fontSize":12,"bold":false,"italic":true,"underline":false,"strikeThrough":false,"iconURL":[],"background":"transparent","borderColor":"black","borderSize":0,"borderRadius":3,"borderStyle":"Solid","maxWidth":null},"isHeader":true,"headerSeparatorDisplayMode":"NEVER","overflowStrategy":"NONE","textAlign":"CENTER"},"outsideLabels":[],"style":{"background":"transparent","borderColor":"#000000","borderSize":1,"borderRadius":0,"borderStyle":"Solid"},"childrenLayoutStrategy":{"kind":"FreeForm"},"borderNodes":[],"childNodes":[],"defaultWidth":125,"defaultHeight":150,"labelEditable":false,"pinned":false}],"defaultWidth":150,"defaultHeight":60,"labelEditable":true,"pinned":false}],"defaultWidth":700,"defaultHeight":400,"labelEditable":true,"pinned":false}],"edges":[{"id":"1383a695-fbaa-3c7a-bff0-d38509ee4df8","type":"edge:straight","targetObjectId":"542f1ebc-ea44-480c-beaf-a1c6a4f4565e","targetObjectKind":"siriusComponents://semantic?domain=sysml&entity=BindingConnectorAsUsage","targetObjectLabel":"","descriptionId":"siriusComponents://edgeDescription?sourceKind=view&sourceId=74c5d045-51d7-359f-9634-611d0f1bef3d&sourceElementId=3d1c5a31-5567-3e8a-8cd5-011bc74140f3","beginLabel":null,"centerLabel":{"id":"5da0fe2f-63a6-38b4-b5ae-42d0ed7d38b4","type":"label:edge-center","text":"=","style":{"color":"#000000","fontSize":14,"bold":false,"italic":false,"underline":false,"strikeThrough":false,"iconURL":[],"background":"transparent","borderColor":"black","borderSize":0,"borderRadius":3,"borderStyle":"Solid","maxWidth":null}},"endLabel":null,"sourceId":"c8ead44a-b139-3167-a087-9e9345869178","targetId":"13e799f4-cd68-3352-840e-5eba0a53a543","modifiers":[],"state":"Normal","style":{"size":1,"lineStyle":"Solid","sourceArrow":"None","targetArrow":"None","color":"#000000"},"centerLabelEditable":false},{"id":"29851266-98cc-3d69-b7fb-818ae3b78812","type":"edge:straight","targetObjectId":"24dcb6c0-8015-4fda-95b1-8e722df92c34","targetObjectKind":"siriusComponents://semantic?domain=sysml&entity=BindingConnectorAsUsage","targetObjectLabel":"","descriptionId":"siriusComponents://edgeDescription?sourceKind=view&sourceId=74c5d045-51d7-359f-9634-611d0f1bef3d&sourceElementId=3d1c5a31-5567-3e8a-8cd5-011bc74140f3","beginLabel":null,"centerLabel":{"id":"8609dcd8-f46d-318a-8c0f-e64a720164e1","type":"label:edge-center","text":"=","style":{"color":"#000000","fontSize":14,"bold":false,"italic":false,"underline":false,"strikeThrough":false,"iconURL":[],"background":"transparent","borderColor":"black","borderSize":0,"borderRadius":3,"borderStyle":"Solid","maxWidth":null}},"endLabel":null,"sourceId":"3e23c39b-5e52-3a46-9e9d-565ebe4b9dea","targetId":"06563e00-c206-397a-9b57-47c173dc7977","modifiers":[],"state":"Normal","style":{"size":1,"lineStyle":"Solid","sourceArrow":"None","targetArrow":"None","color":"#000000"},"centerLabelEditable":false},{"id":"7e73aa2c-e4c1-3056-bf92-59fc827c7b5a","type":"edge:straight","targetObjectId":"79528fb2-3eb6-40a4-a9d5-683422b0623e","targetObjectKind":"siriusComponents://semantic?domain=sysml&entity=BindingConnectorAsUsage","targetObjectLabel":"","descriptionId":"siriusComponents://edgeDescription?sourceKind=view&sourceId=74c5d045-51d7-359f-9634-611d0f1bef3d&sourceElementId=3d1c5a31-5567-3e8a-8cd5-011bc74140f3","beginLabel":null,"centerLabel":{"id":"f733eb00-3da7-3f72-af90-3360444c7d28","type":"label:edge-center","text":"=","style":{"color":"#000000","fontSize":14,"bold":false,"italic":false,"underline":false,"strikeThrough":false,"iconURL":[],"background":"transparent","borderColor":"black","borderSize":0,"borderRadius":3,"borderStyle":"Solid","maxWidth":null}},"endLabel":null,"sourceId":"2fdf7f21-486a-312b-ac9f-5807bc4947f3","targetId":"fc36e397-4700-3c83-8b0b-708e13360be5","modifiers":[],"state":"Normal","style":{"size":1,"lineStyle":"Solid","sourceArrow":"None","targetArrow":"None","color":"#000000"},"centerLabelEditable":false},{"id":"d9fe2315-1eb5-3aee-9c38-9f6cb8e58416","type":"edge:straight","targetObjectId":"30471966-fb2c-4c8a-bb58-6330f40918ac","targetObjectKind":"siriusComponents://semantic?domain=sysml&entity=BindingConnectorAsUsage","targetObjectLabel":"","descriptionId":"siriusComponents://edgeDescription?sourceKind=view&sourceId=74c5d045-51d7-359f-9634-611d0f1bef3d&sourceElementId=3d1c5a31-5567-3e8a-8cd5-011bc74140f3","beginLabel":null,"centerLabel":{"id":"bf1659b9-2380-3d18-a158-845ef82a1226","type":"label:edge-center","text":"=","style":{"color":"#000000","fontSize":14,"bold":false,"italic":false,"underline":false,"strikeThrough":false,"iconURL":[],"background":"transparent","borderColor":"black","borderSize":0,"borderRadius":3,"borderStyle":"Solid","maxWidth":null}},"endLabel":null,"sourceId":"c8ead44a-b139-3167-a087-9e9345869178","targetId":"7bd69368-6b4d-3bf6-8c86-a559eef9197d","modifiers":[],"state":"Normal","style":{"size":1,"lineStyle":"Solid","sourceArrow":"None","targetArrow":"None","color":"#000000"},"centerLabelEditable":false}],"layoutData":{"nodeLayoutData":{"17130402-9586-3b45-9655-32f29da56464":{"id":"17130402-9586-3b45-9655-32f29da56464","position":{"x":0.0,"y":0.0},"size":{"width":272.0,"height":150.0},"resizedByUser":false},"06563e00-c206-397a-9b57-47c173dc7977":{"id":"06563e00-c206-397a-9b57-47c173dc7977","position":{"x":-11.0,"y":167.0022665426527},"size":{"width":16.0,"height":16.0},"resizedByUser":false},"c8ead44a-b139-3167-a087-9e9345869178":{"id":"c8ead44a-b139-3167-a087-9e9345869178","position":{"x":491.0,"y":44.000000000000014},"size":{"width":16.0,"height":16.0},"resizedByUser":false},"388c0005-b53e-3e89-a7d5-8bb60f9a003b":{"id":"388c0005-b53e-3e89-a7d5-8bb60f9a003b","position":{"x":0.0,"y":0.0},"size":{"width":272.0,"height":60.0},"resizedByUser":false},"0216f146-285a-309e-a260-bf636d317853":{"id":"0216f146-285a-309e-a260-bf636d317853","position":{"x":19.0,"y":0.0},"size":{"width":494.0,"height":150.0},"resizedByUser":false},"d2f7ec5e-06c9-31ef-a475-f341f36cc860":{"id":"d2f7ec5e-06c9-31ef-a475-f341f36cc860","position":{"x":19.0,"y":0.0},"size":{"width":494.0,"height":60.0},"resizedByUser":false},"2fdf7f21-486a-312b-ac9f-5807bc4947f3":{"id":"2fdf7f21-486a-312b-ac9f-5807bc4947f3","position":{"x":491.0,"y":249.5},"size":{"width":16.0,"height":16.0},"resizedByUser":false},"7bd69368-6b4d-3bf6-8c86-a559eef9197d":{"id":"7bd69368-6b4d-3bf6-8c86-a559eef9197d","position":{"x":435.74859347467054,"y":-11.0},"size":{"width":16.0,"height":16.0},"resizedByUser":false},"13e799f4-cd68-3352-840e-5eba0a53a543":{"id":"13e799f4-cd68-3352-840e-5eba0a53a543","position":{"x":-11.0,"y":67.00000000000001},"size":{"width":16.0,"height":16.0},"resizedByUser":false},"8074d041-5db9-3f50-9649-38e117c0df18":{"id":"8074d041-5db9-3f50-9649-38e117c0df18","position":{"x":20.49473684210534,"y":105.26315789473682},"size":{"width":496.0,"height":459.0},"resizedByUser":true},"3e23c39b-5e52-3a46-9e9d-565ebe4b9dea":{"id":"3e23c39b-5e52-3a46-9e9d-565ebe4b9dea","position":{"x":491.0,"y":142.0},"size":{"width":16.0,"height":16.0},"resizedByUser":false},"f0695e02-42d4-36b8-9e6b-3137ca4c15c3":{"id":"f0695e02-42d4-36b8-9e6b-3137ca4c15c3","position":{"x":575.1127055785521,"y":-189.4110271536045},"size":{"width":1222.0,"height":638.0},"resizedByUser":true},"3f999022-a965-3337-9227-2578c90be799":{"id":"3f999022-a965-3337-9227-2578c90be799","position":{"x":19.0,"y":0.0},"size":{"width":494.0,"height":60.0},"resizedByUser":false},"2fd80647-1e07-3b2c-b0c6-38e2dcd62754":{"id":"2fd80647-1e07-3b2c-b0c6-38e2dcd62754","position":{"x":915.1929824561403,"y":113.26315789473682},"size":{"width":274.0,"height":467.0},"resizedByUser":true},"480f9502-44d4-304c-8759-e45a56b95833":{"id":"480f9502-44d4-304c-8759-e45a56b95833","position":{"x":0.0,"y":0.0},"size":{"width":272.0,"height":60.0},"resizedByUser":false},"fc36e397-4700-3c83-8b0b-708e13360be5":{"id":"fc36e397-4700-3c83-8b0b-708e13360be5","position":{"x":-11.0,"y":225.5},"size":{"width":16.0,"height":16.0},"resizedByUser":false}},"edgeLayoutData":{},"labelLayoutData":{}}}}